Jugador,Equipo,pos1,pos2,pos3,Edad,Valor de mercado (Transfermarkt),Partidos jugados,Minutos jugados,País de nacimiento,Pasaporte,Pie,Altura,Peso,"Duelos aéreos ganados, %",Acciones de ataque exitosas/90,Goles/90,xG/90,Goles de cabeza/90,Remates/90,"Tiros a la portería, %","Goles hechos, %","Duelos atacantes ganados, %",Toques en el área de penalti/90,Faltas recibidas/90,Pases/90,xA/90,Asistencias,Desmarques/90,Jugadas claves/90,Ataque en profundidad/90,Regates/90,"Regates realizados, %"
H. Preciado,Santos Laguna,CF,,,30,3000000,14,1275,Colombia,Colombia,derecho,182,70,30.56,2.68,0.56,0.49,0.07,2.68,44.74,21.053,29.63,4.02,1.41,18.71,0.05,2,0.85,0.28,1.13,2.61,37.84
L. Suárez,Pumas UNAM,RAMF,RW,CF,29,3000000,18,1244,Argentina,"Argentina, Spain",izquierdo,169,69,46.67,3.91,0.14,0.15,0.0,2.1,37.93,6.897,43.36,1.52,2.1,33.42,0.2,1,0.36,0.58,0.94,3.26,55.56
Léo Bonatini,Atlético de San Luis,CF,,,31,3000000,27,1457,Brazil,"Brazil, Italy",derecho,185,80,42.31,1.91,0.31,0.34,0.0,1.61,42.31,19.231,34.04,3.34,0.8,19.64,0.09,2,0.19,0.31,0.56,1.48,62.5
J. Meneses,Vasco da Gama,LAMF,RAMF,LW,32,3000000,22,959,Chile,Chile,derecho,163,63,11.11,3.85,0.0,0.1,0.0,0.94,50.0,0.0,36.79,3.19,1.97,29.84,0.09,0,0.19,0.66,1.5,3.28,51.43
G. Martínez,Pumas UNAM,CF,,,30,3000000,40,2628,Mexico,Mexico,izquierdo,191,91,48.52,1.44,0.48,0.47,0.17,2.47,45.83,19.444,23.59,2.81,0.65,11.16,0.04,2,0.03,0.1,0.31,0.82,29.17
L. Rodríguez,Querétaro,CF,RCMF,RW,28,3000000,30,2306,Argentina,Argentina,derecho,169,68,25.0,2.93,0.08,0.14,0.08,1.29,45.45,6.061,45.22,1.13,1.64,22.79,0.04,3,0.27,0.2,0.59,3.4,57.47
Vitinho,Club Tijuana,RW,CF,AMF,24,3000000,30,2347,Brazil,Brazil,izquierdo,169,62,8.7,3.83,0.27,0.22,0.04,2.76,45.83,9.722,38.43,2.53,0.96,25.31,0.06,3,0.27,0.23,0.77,4.03,55.24
D. Valoyes,Juárez,RW,RAMF,,28,3000000,15,817,Colombia,Colombia,derecho,181,76,33.33,5.07,0.11,0.23,0.0,2.2,25.0,5.0,33.81,3.75,1.43,21.37,0.13,1,0.33,0.66,0.55,5.73,55.77
J. Torres,Juárez,RW,CF,AMF,25,3000000,31,2759,Mexico,Mexico,derecho,168,71,39.29,4.31,0.1,0.13,0.0,1.6,40.82,6.122,37.85,2.22,1.6,25.77,0.07,2,0.2,0.33,0.62,5.02,55.19
J. Cádiz,Pachuca,CF,,,30,3000000,45,2979,Venezuela,Venezuela,derecho,191,85,51.78,2.15,0.36,0.41,0.06,2.96,43.88,12.245,28.73,3.63,1.39,11.96,0.05,3,0.12,0.21,0.45,1.27,57.14
N. Benedetti,Mazatlán,RW,CF,AMF,28,3000000,22,1724,Colombia,Colombia,derecho,177,76,25.81,4.28,0.21,0.12,0.0,1.46,35.71,14.286,37.25,2.09,2.04,28.24,0.23,3,0.47,0.52,0.78,4.96,51.58
João Pedro,Atlético de San Luis,CF,,,33,3000000,38,2638,Brazil,"Brazil, Italy",derecho,184,73,25.57,1.23,0.27,0.22,0.03,1.09,50.0,25.0,24.52,2.46,1.16,12.08,0.07,2,0.07,0.27,0.51,1.54,40.0
G. Fernández,Cruz Azul,CF,,,31,2800000,29,1276,Uruguay,Uruguay,derecho,186,88,36.36,3.46,0.49,0.45,0.14,2.82,30.0,17.5,39.31,4.23,2.12,14.81,0.08,2,0.07,0.42,0.92,3.95,58.93
I. Pussetto,Independiente,CF,AMF,RCMF,29,2700000,41,2434,Argentina,"Argentina, Italy",derecho,180,74,39.2,1.89,0.33,0.28,0.07,2.66,36.11,12.5,29.21,2.7,1.41,25.37,0.03,1,0.33,0.15,0.44,1.26,50.0
Borja Bastón,,CF,,,32,2500000,18,557,Spain,Spain,derecho,186,82,50.0,0.65,0.0,0.4,0.0,2.1,15.38,0.0,13.64,3.39,0.97,12.44,0.01,0,0.0,0.0,0.65,0.65,25.0
E. Reynoso,Talleres Córdoba,AMF,CF,,29,2500000,38,2116,Argentina,Argentina,izquierdo,176,68,29.31,5.49,0.17,0.1,0.0,1.45,47.06,11.765,40.0,2.13,2.0,44.23,0.19,2,0.68,0.68,1.74,5.74,58.52
J. Colmán,Querétaro,LW,AMF,CF,27,2500000,28,1517,Paraguay,Paraguay,derecho,170,73,18.18,3.86,0.12,0.22,0.0,2.79,23.4,4.255,36.97,1.25,0.47,26.1,0.1,4,0.24,0.24,1.13,4.69,43.04
C. González,Newell's Old Boys,CF,,,32,2500000,28,2076,Paraguay,Paraguay,derecho,183,80,45.2,1.34,0.13,0.26,0.04,1.52,45.71,8.571,21.1,3.29,1.39,14.18,0.05,1,0.0,0.3,0.78,1.34,41.94
J. Domínguez,Toluca,RW,RAMF,,26,2500000,39,2061,Mexico,Mexico,derecho,175,73,16.67,2.84,0.04,0.07,0.0,0.83,47.37,5.263,41.08,3.06,1.0,31.0,0.19,4,0.13,0.79,1.31,3.49,53.75
J. Angulo,Toluca,AMF,CF,RW,28,2500000,43,2910,Mexico,Mexico,izquierdo,172,65,28.57,2.72,0.4,0.21,0.0,1.92,50.0,20.968,36.05,2.26,0.96,37.05,0.15,8,0.31,0.59,1.39,2.04,57.58
R. Fulgencio,Juárez,CF,LAMF,RAMF,25,2500000,27,1664,Mexico,Mexico,derecho,176,60,25.0,2.65,0.0,0.05,0.0,1.03,21.05,0.0,33.33,0.97,0.32,31.32,0.2,4,0.16,0.43,0.59,2.81,53.85
G. del Prete,Atlas,CF,RCMF,AMF,29,2500000,18,854,Argentina,Argentina,izquierdo,175,78,11.76,2.0,0.11,0.15,0.11,1.37,15.38,7.692,41.18,0.95,2.63,21.6,0.12,1,0.32,0.42,0.84,3.16,43.33
J. Murillo,América de Cali,RAMF,RW,,29,2500000,33,2115,Venezuela,Venezuela,derecho,170,70,33.33,2.26,0.13,0.12,0.0,0.72,23.53,17.647,53.15,1.7,1.45,21.96,0.07,1,0.04,0.34,0.85,2.55,61.67
R. Sordo,Santos Laguna,LAMF,LW,RAMF,25,2500000,31,2491,Argentina,Argentina,derecho,174,68,26.09,4.26,0.18,0.17,0.0,1.95,42.59,9.259,48.9,1.45,2.24,24.82,0.12,3,0.04,0.22,0.51,3.87,61.68
R. Aguirre,América,CF,,,30,2300000,43,2303,Uruguay,Uruguay,izquierdo,184,82,40.74,2.42,0.55,0.47,0.12,2.58,51.52,21.212,26.92,3.28,1.06,12.62,0.05,1,0.23,0.16,0.66,1.91,44.9
A. Loba,,CF,,,26,2200000,10,514,Côte d'Ivoire,Côte d'Ivoire,derecho,180,75,23.53,1.58,0.0,0.15,0.0,0.7,50.0,0.0,23.88,2.63,1.58,13.13,0.02,0,0.18,0.18,0.7,2.28,46.15
D. Hernández,Everton,LW,RW,RAMF,24,2000000,38,2040,Uruguay,Uruguay,izquierdo,175,67,35.0,3.04,0.13,0.07,0.0,1.59,27.78,8.333,39.74,1.28,1.5,27.57,0.17,5,0.22,0.53,1.15,3.88,45.45
E. Rigoni,León,CF,LAMF,LW,32,2000000,14,627,Argentina,"Argentina, Italy",derecho,180,74,27.27,3.44,0.14,0.15,0.0,1.44,30.0,10.0,27.27,2.87,0.14,26.7,0.11,1,0.0,0.29,1.0,3.88,48.15
L. Amarilla,Cerro Porteño,CF,,,29,2000000,23,1489,Paraguay,Paraguay,derecho,182,74,38.38,0.91,0.18,0.19,0.06,1.63,22.22,11.111,24.51,2.54,0.85,23.15,0.02,1,0.24,0.12,0.48,1.15,31.58
I. Moreno,León,RW,RCMF,RB,27,2000000,28,1866,Mexico,Mexico,derecho,168,65,35.0,2.46,0.14,0.12,0.0,0.96,45.0,15.0,36.49,2.36,1.06,25.51,0.09,3,0.24,0.48,0.58,2.41,52.0
R. Funes Mori,,CF,,,34,2000000,37,1679,Argentina,"Argentina, Mexico",derecho,186,79,37.5,0.96,0.16,0.23,0.11,1.66,19.35,9.677,16.43,2.25,0.32,17.37,0.04,2,0.16,0.21,0.48,1.29,41.67
D. Blanco,Club Tijuana,LW,,,30,2000000,25,1465,Argentina,Argentina,derecho,167,67,13.64,4.3,0.06,0.13,0.0,1.9,32.26,3.226,36.57,3.13,1.47,23.41,0.07,1,0.12,0.31,1.04,5.28,53.49
J. Rodríguez,Juárez,RW,LW,RAMF,27,2000000,42,3497,Panama,Panama,izquierdo,180,69,52.86,4.76,0.08,0.09,0.03,1.39,37.04,5.556,42.12,1.31,1.54,28.49,0.14,5,0.1,0.44,0.54,5.58,52.07
E. Aguirre,Atlas,CF,,,26,2000000,33,2624,Mexico,Mexico,derecho,176,75,34.78,1.54,0.21,0.21,0.07,1.58,45.65,13.043,34.52,2.16,1.92,14.68,0.07,3,0.17,0.27,0.75,1.58,39.13
R. Monreal,Necaxa,CF,RW,LW,24,2000000,34,1498,Mexico,Mexico,derecho,182,82,30.95,2.94,0.12,0.16,0.0,1.74,31.03,6.897,32.24,2.52,1.74,21.39,0.15,2,0.12,0.48,0.9,4.27,50.7
A. Pulido,Guadalajara,CF,AMF,,34,2000000,25,1551,Mexico,Mexico,derecho,177,76,29.85,2.15,0.29,0.26,0.0,1.8,48.39,16.129,25.9,3.37,0.93,26.75,0.07,1,0.29,0.46,1.1,1.33,60.87
S. Salles-Lamonge,Atlético de San Luis U23,AMF,CF,LW,29,2000000,38,3046,France,France,derecho,170,67,20.0,2.75,0.35,0.2,0.03,1.71,46.55,20.69,37.09,1.24,1.33,46.18,0.17,3,0.5,0.41,1.0,2.1,56.34
Aitor García,,LW,CF,LAMF,31,1800000,22,1278,Spain,Spain,derecho,173,69,23.08,5.0,0.0,0.18,0.0,3.31,36.17,0.0,45.87,3.31,0.56,23.87,0.12,2,0.14,0.35,0.49,4.86,57.97
K. Velasco,Athletico Paranaense,RW,RAMF,RWF,28,1800000,24,1338,Colombia,Colombia,izquierdo,172,65,11.76,5.04,0.07,0.14,0.0,2.02,20.0,3.333,44.74,2.35,1.75,28.25,0.18,2,0.34,0.61,0.61,5.18,57.14
M. Klimowicz,Atlético de San Luis,CF,AMF,LWF,25,1800000,21,955,Argentina,"Argentina, Germany",derecho,181,75,20.0,2.73,0.09,0.21,0.0,1.6,47.06,5.882,36.73,1.98,1.23,24.5,0.08,3,0.38,0.28,0.19,2.54,55.56
E. Gómez,Puebla,CF,,,23,1600000,30,2461,Uruguay,Uruguay,derecho,176,70,25.58,3.33,0.22,0.26,0.04,2.19,40.0,10.0,35.65,2.85,1.46,16.57,0.07,2,0.15,0.18,0.8,4.94,45.19
M. Castro,Juárez,RW,RAMF,RWF,28,1500000,16,861,Uruguay,Uruguay,derecho,175,73,20.51,3.66,0.21,0.22,0.21,1.78,23.53,11.765,51.72,3.45,1.36,26.45,0.18,3,0.21,0.42,0.94,2.51,70.83
B. Garnica,Puebla,RAMF,RW,RB,29,1500000,23,1404,Mexico,Mexico,derecho,167,56,20.0,2.95,0.0,0.03,0.0,0.26,50.0,0.0,45.38,1.47,1.6,29.55,0.07,0,0.13,0.38,0.77,3.59,48.21
J. Alvarado,Monterrey,CF,LW,,25,1500000,33,1403,Mexico,Mexico,derecho,175,70,25.32,1.15,0.19,0.16,0.13,1.92,23.33,10.0,27.91,2.37,0.45,12.32,0.03,2,0.0,0.26,0.32,1.35,47.62
R. Morales,Toluca,CF,,,26,1500000,25,1073,Paraguay,Paraguay,derecho,175,70,28.33,2.43,0.42,0.43,0.0,2.35,53.57,17.857,30.14,3.61,1.51,14.09,0.12,1,0.0,0.67,0.75,1.68,45.0
R. Pizarro,Juárez,LW,CF,RW,31,1500000,26,1884,Mexico,Mexico,derecho,178,66,24.44,2.48,0.05,0.04,0.05,0.67,28.57,7.143,33.44,1.96,1.82,30.43,0.12,0,0.14,0.53,0.81,3.11,49.23
E. López,Pachuca,AMF,RAMF,RW,30,1500000,19,608,Mexico,Mexico,izquierdo,167,74,0.0,2.52,0.15,0.16,0.0,1.63,36.36,9.091,44.68,1.92,2.22,41.45,0.37,3,1.04,1.18,2.52,1.78,58.33
U. Đurđević,Atlas,CF,,,31,1500000,31,2257,Serbia,"Serbia, Montenegro",derecho,182,80,27.91,2.07,0.56,0.32,0.04,2.55,35.94,21.875,26.53,3.07,1.56,12.88,0.06,2,0.08,0.32,0.84,1.48,54.05
T. Badaloni,Necaxa,CF,,,25,1500000,34,1288,Argentina,"Argentina, Italy",izquierdo,186,80,49.57,1.68,0.35,0.44,0.14,2.8,42.5,12.5,23.76,3.98,0.56,11.67,0.03,0,0.0,0.07,0.35,1.12,43.75
D. Medina,Santos Laguna,RB,RAMF,RWF,24,1500000,10,654,Mexico,Mexico,derecho,176,70,50.0,4.4,0.0,0.08,0.0,0.96,57.14,0.0,42.86,1.93,1.38,31.51,0.04,0,0.14,0.0,0.28,6.06,50.0
E. López,Tigres UANL,CF,AMF,,26,1500000,25,828,Mexico,Mexico,izquierdo,180,68,39.29,1.96,0.22,0.26,0.11,1.63,60.0,13.333,38.64,3.59,0.98,21.96,0.09,1,0.11,0.33,1.2,1.41,46.15
R. Marín,Puebla,CF,,,27,1500000,29,2020,Mexico,Mexico,izquierdo,180,79,35.0,1.47,0.36,0.42,0.04,2.27,49.02,15.686,24.66,3.7,1.02,12.43,0.07,2,0.18,0.22,0.89,1.02,26.09
L. Cabral,Independiente,AMF,CF,LCMF,30,1200000,43,3012,Argentina,"Argentina, Chile",derecho,170,70,19.35,2.11,0.09,0.11,0.0,1.3,23.26,6.977,39.29,1.6,1.69,45.35,0.16,4,0.6,0.42,1.87,2.14,57.75
M. García,Atlas,CF,AMF,LW,28,1200000,18,633,Argentina,"Argentina, Italy",izquierdo,172,65,33.33,1.71,0.0,0.12,0.0,0.71,40.0,0.0,43.64,0.71,1.14,31.56,0.02,0,0.0,0.0,0.28,1.99,64.29
E. Ayón,León,CF,,,24,1200000,16,744,Mexico,Mexico,izquierdo,180,77,23.33,1.45,0.12,0.2,0.0,1.21,60.0,10.0,17.02,2.18,1.09,10.52,0.0,0,0.0,0.12,0.12,2.42,30.0
J. Zúñiga,América,CF,LAMF,LWB,31,1200000,35,2711,Colombia,Colombia,derecho,177,80,36.84,2.49,0.63,0.5,0.03,2.06,51.61,30.645,27.81,3.78,1.03,17.43,0.09,1,0.0,0.33,0.76,2.19,51.52
P. Pérez,Necaxa,LWF,LW,AMF,27,1200000,27,1372,Mexico,Mexico,derecho,168,67,27.27,4.99,0.39,0.22,0.07,1.9,41.38,20.69,44.1,1.71,1.25,31.09,0.1,1,0.07,0.26,0.79,5.9,61.11
A. Gutiérrez,América,LCMF,LW,,25,1200000,45,2796,Mexico,Mexico,izquierdo,175,77,36.36,1.09,0.1,0.06,0.0,0.84,34.62,11.538,33.82,1.48,0.84,32.16,0.16,7,0.13,0.42,1.13,0.8,44.0
B. Barticciotto,Santos Laguna,CF,AMF,LWF,24,1200000,28,1605,Chile,"Chile, Argentina",derecho,177,72,24.71,2.24,0.5,0.26,0.11,2.41,32.56,20.93,23.27,3.53,0.56,22.15,0.04,0,0.17,0.28,0.67,2.58,36.96
A. Lozano,Santos Laguna,CF,,,32,1200000,36,2322,Honduras,"Honduras, Spain",derecho,183,74,40.85,1.63,0.27,0.38,0.04,1.98,37.25,13.725,29.28,2.4,1.28,11.67,0.06,2,0.19,0.08,0.5,1.71,45.45
C. Dájome,Santos Laguna,RAMF,RW,RB,31,1200000,26,1528,Colombia,Colombia,derecho,172,69,22.73,2.12,0.12,0.12,0.0,1.06,27.78,11.111,43.57,2.47,1.71,21.5,0.17,1,0.06,0.53,1.12,2.53,55.81
F. Boli,Atlético de San Luis,CF,,,31,1000000,19,1247,Côte d'Ivoire,Côte d'Ivoire,derecho,180,77,32.35,2.53,0.51,0.62,0.07,3.03,40.48,16.667,27.98,3.25,1.88,10.25,0.0,2,0.0,0.14,0.29,3.03,42.86
F. Waller,Puebla,LCMF,LW,,28,1000000,27,1771,Uruguay,Uruguay,izquierdo,174,70,21.88,1.68,0.1,0.11,0.0,1.37,29.63,7.407,40.0,0.97,1.98,32.47,0.11,0,0.15,0.15,0.3,1.27,52.0
S. Mendoza,León,LAMF,RW,LW,32,1000000,28,2624,Colombia,Colombia,izquierdo,172,70,22.22,3.6,0.31,0.22,0.07,2.26,39.39,13.636,40.0,3.19,1.17,25.55,0.13,2,0.07,0.62,1.03,3.19,59.14
S. Rondón,Real Oviedo,CF,,,35,1000000,50,4676,Venezuela,Venezuela,derecho,189,90,41.56,1.92,0.37,0.41,0.08,2.64,43.07,13.869,26.27,3.12,0.89,16.3,0.06,4,0.17,0.33,0.92,1.73,38.89
Y. Bárcenas,Mazatlán,LW,LB,,31,1000000,28,2703,Panama,Panama,derecho,175,72,37.25,3.26,0.07,0.14,0.0,1.56,36.17,4.255,37.54,1.56,1.0,34.26,0.15,2,0.2,0.27,1.1,3.53,50.94
C. Cisneros,León,LAMF,LW,LB,31,1000000,18,617,Mexico,Mexico,derecho,175,73,36.36,4.38,0.0,0.18,0.0,1.75,41.67,0.0,42.68,2.04,1.9,22.03,0.18,0,0.15,0.29,1.02,3.79,73.08
Ricardinho,Juárez,RWF,RW,LWF,26,1000000,30,1613,Portugal,Portugal,derecho,168,73,9.38,2.62,0.39,0.25,0.06,1.62,44.83,24.138,36.62,2.4,1.34,21.48,0.07,1,0.45,0.39,0.73,2.96,41.51
J. Julio,Querétaro,LWF,LW,LWB,27,1000000,22,1419,Ecuador,Ecuador,derecho,168,65,23.81,3.62,0.13,0.17,0.0,0.89,42.86,14.286,36.07,3.3,1.9,25.75,0.09,4,0.32,0.44,1.21,4.25,46.27
K. Castañeda,Club Tijuana,CF,AMF,,25,1000000,35,2689,Mexico,Mexico,derecho,170,71,41.38,2.58,0.27,0.17,0.03,2.81,35.71,9.524,37.11,1.57,1.07,50.51,0.09,5,0.4,0.47,1.27,2.01,51.67
Á. Zaldívar,Juárez,CF,,,31,1000000,29,1510,Mexico,Mexico,izquierdo,178,72,29.11,1.19,0.42,0.33,0.06,1.61,59.26,25.926,13.76,2.8,0.54,12.1,0.04,0,0.06,0.12,0.3,0.72,16.67
D. Villalpando,Juárez,CF,AMF,,33,1000000,34,2244,Mexico,Mexico,derecho,172,69,46.15,1.6,0.12,0.1,0.04,1.68,28.57,7.143,39.1,1.16,0.92,37.62,0.05,1,0.28,0.24,0.84,1.36,50.0
Madson,Juárez,RAMF,RW,LW,25,1000000,36,2529,Brazil,Brazil,izquierdo,164,54,38.81,4.16,0.18,0.11,0.04,1.71,45.83,10.417,49.19,2.63,2.74,24.59,0.11,3,0.07,0.36,0.82,4.73,60.15
L. Quiñónes,Pachuca,CF,RAMF,,34,1000000,24,1812,Colombia,Colombia,izquierdo,178,65,20.0,2.98,0.25,0.23,0.1,1.44,37.93,17.241,38.03,1.99,2.33,32.93,0.05,1,0.5,0.2,0.99,3.53,47.89
J. Carrillo,Santos Laguna,RAMF,AMF,RW,23,1000000,28,1657,Mexico,Mexico,derecho,168,62,34.78,3.75,0.0,0.07,0.0,1.25,34.78,0.0,48.68,1.25,4.02,37.04,0.11,0,0.0,0.22,0.43,4.29,60.76
E. Guerra,Puebla,RB,RW,,24,1000000,24,1377,Colombia,Colombia,derecho,172,65,26.32,3.27,0.13,0.12,0.0,1.44,27.27,9.091,32.34,2.35,1.37,25.42,0.13,2,0.13,0.46,1.11,5.56,34.12
F. Gil,Atlético Bucaramanga,RAMF,RW,,30,900000,29,1250,Colombia,Colombia,derecho,178,75,23.81,5.09,0.0,0.18,0.0,1.75,34.78,0.0,45.27,3.34,2.43,23.24,0.15,0,0.23,0.84,1.37,4.33,57.89
D. Álvarez,Tepatitlán de Morelos,RW,LAMF,LW,30,800000,24,1307,Mexico,Mexico,derecho,177,80,47.37,5.58,0.07,0.16,0.0,1.45,33.33,4.762,50.9,2.48,1.24,21.97,0.12,1,0.14,0.62,0.34,5.92,65.12
R. de la Rosa,Monterrey,CF,,,25,800000,40,1502,Mexico,Mexico,derecho,179,80,30.61,2.04,0.18,0.29,0.0,2.58,37.21,6.977,27.68,3.3,0.66,17.98,0.1,3,0.24,0.42,0.96,1.32,54.55
D. López,Querétaro,CF,,,25,800000,16,1273,Mexico,Mexico,derecho,180,66,37.5,2.12,0.42,0.33,0.0,2.33,33.33,18.182,33.64,2.33,1.34,12.51,0.1,2,0.07,0.28,0.42,1.84,61.54
Chicharito,Guadalajara,CF,,,37,800000,18,956,Mexico,Mexico,derecho,175,73,37.5,1.22,0.19,0.34,0.0,1.51,43.75,12.5,26.09,2.35,0.66,11.11,0.03,0,0.0,0.0,0.28,0.94,60.0
S. Muñóz,Sporting KC,CF,LAMF,AMF,22,800000,36,1596,United States,"United States, Mexico",derecho,177,65,25.71,1.69,0.23,0.32,0.0,1.92,29.41,11.765,39.72,2.31,3.1,20.47,0.07,1,0.11,0.23,0.79,2.48,43.18
B. Rubio,Herediano,CF,,,28,800000,24,1549,Mexico,Mexico,derecho,186,82,35.29,1.86,0.17,0.28,0.12,2.21,36.84,7.895,33.71,3.43,1.74,19.35,0.05,1,0.06,0.06,0.41,1.92,54.55
J. Ocejo,Santos Laguna,CF,,,27,800000,37,2834,Mexico,Mexico,derecho,180,71,38.32,2.89,0.79,0.55,0.06,2.92,50.0,27.174,27.07,3.49,1.52,17.24,0.05,4,0.25,0.29,0.73,2.38,50.67
A. Sepúlveda,Cruz Azul,CF,,,34,800000,51,3287,Mexico,Mexico,derecho,182,76,44.44,1.86,0.68,0.51,0.14,2.82,50.49,24.272,20.38,4.68,1.04,14.05,0.12,4,0.05,0.33,0.96,0.49,33.33
R. Cisneros,Querétaro,CF,,,28,800000,19,908,Mexico,Mexico,derecho,180,79,30.51,0.99,0.2,0.19,0.1,1.78,38.89,11.111,22.95,2.38,0.79,11.89,0.01,0,0.1,0.1,0.3,0.59,33.33
A. Medina,Querétaro,CF,RW,RAMF,27,800000,21,869,Mexico,Mexico,derecho,182,75,32.26,2.49,0.0,0.15,0.0,0.72,14.29,0.0,32.48,1.35,1.55,24.55,0.08,1,0.1,0.21,0.21,3.11,50.0
B. Galdames,Atlético de San Luis,CF,LW,RB,24,800000,24,689,Mexico,"Mexico, Chile",derecho,172,66,33.33,4.18,0.13,0.1,0.13,1.18,44.44,11.111,29.23,1.7,3.27,37.88,0.11,1,0.0,0.39,0.52,5.62,37.21
A. Gignac,Tigres UANL,CF,,,39,800000,22,1330,France,"France, Mexico",derecho,187,84,33.96,2.71,0.34,0.57,0.14,4.2,35.48,8.065,26.23,4.4,0.27,15.9,0.02,1,0.0,0.2,0.41,1.56,47.83
A. Ávila,,CF,,,21,750000,22,506,Mexico,Mexico,derecho,178,73,14.29,0.89,0.36,0.25,0.0,1.42,25.0,25.0,26.47,1.6,0.71,16.9,0.09,1,0.0,0.18,0.53,1.25,42.86
Fábio Gomes,,CF,,,28,750000,40,2946,Brazil,Brazil,derecho,193,84,40.4,2.26,0.67,0.53,0.15,2.44,53.75,27.5,22.51,4.06,0.52,12.77,0.1,7,0.09,0.4,0.89,2.44,31.25
S. Ormeño,Qingdao Hainiu,CF,,,31,700000,16,839,Mexico,"Mexico, Peru",izquierdo,187,84,24.64,1.29,0.21,0.3,0.0,1.29,33.33,16.667,34.62,2.57,0.86,15.34,0.02,1,0.21,0.32,0.43,1.39,53.85
A. Escoboza,Tampico Madero,LW,RW,LWB,32,700000,28,2354,Mexico,Mexico,izquierdo,170,69,29.41,3.33,0.11,0.12,0.04,1.34,28.57,8.571,39.86,1.49,0.99,30.32,0.16,3,0.15,0.23,0.42,2.41,53.97
Á. Mena,Orense,AMF,CF,RW,37,700000,29,2058,Ecuador,Ecuador,izquierdo,168,71,36.0,2.01,0.17,0.19,0.0,1.09,36.0,16.0,37.38,2.62,2.23,36.08,0.14,3,0.17,0.39,1.09,2.58,47.46
A. Preciado,Club Tijuana,CF,LW,LAMF,28,700000,26,2105,Ecuador,Ecuador,derecho,177,74,50.0,4.28,0.21,0.16,0.04,1.28,30.0,16.667,43.03,3.93,3.42,17.27,0.14,3,0.13,0.43,0.73,5.43,56.69
M. Laínez,Mazatlán,LW,LWB,LWF,29,700000,22,842,Mexico,Mexico,izquierdo,180,70,30.0,6.09,0.11,0.03,0.0,0.64,33.33,16.667,48.67,1.82,1.28,28.65,0.03,0,0.0,0.11,0.11,6.52,72.13
R. Castillo,Puebla,CF,RCMF,RW,24,700000,26,1380,Mexico,Mexico,derecho,175,77,5.26,2.67,0.07,0.09,0.0,2.09,28.13,3.125,29.05,1.37,0.98,25.43,0.14,3,0.2,0.52,0.91,3.2,40.82
S. Sosa,UCV,CF,LW,RAMF,25,650000,34,1967,Venezuela,Venezuela,izquierdo,177,76,28.0,2.65,0.18,0.18,0.05,2.29,30.0,8.0,31.61,1.83,1.28,19.72,0.11,2,0.0,0.23,0.46,2.33,47.06
P. Barrera,Querétaro,RW,RAMF,,37,600000,35,2662,Mexico,Mexico,derecho,174,69,17.65,3.31,0.17,0.11,0.0,0.95,32.14,17.857,34.4,1.18,0.85,28.6,0.16,2,0.03,0.27,0.54,3.18,47.87
R. Durán,Atlante,CF,,,27,600000,30,1748,Mexico,Mexico,derecho,182,77,36.08,3.09,0.57,0.39,0.05,2.73,49.06,20.755,29.21,4.43,0.57,16.73,0.08,1,0.05,0.21,0.98,3.4,46.97
A. Preciado,Aldosivi,LAMF,LW,LWF,31,600000,22,1027,Ecuador,"Ecuador, Spain",derecho,181,68,25.93,3.75,0.26,0.11,0.0,1.43,43.75,18.75,39.37,2.06,1.79,28.6,0.14,2,0.0,0.27,0.54,4.11,60.87
A. Herrera,Mazatlán,LW,LB,LCMF,24,600000,22,1259,Mexico,Mexico,izquierdo,173,80,20.0,1.0,0.07,0.04,0.0,0.71,30.0,10.0,34.92,0.79,0.79,25.52,0.03,0,0.29,0.14,0.29,0.79,45.45
Ó. Macías,Atlético de San Luis,RCMF,LCMF,RW,27,600000,35,3014,Mexico,Mexico,derecho,173,76,27.59,0.66,0.12,0.04,0.03,0.66,36.36,18.182,46.5,0.51,1.43,44.22,0.01,1,0.0,0.03,0.27,0.75,44.0
A. Hurtado,,LW,CF,AMF,38,600000,20,751,Colombia,"Colombia, Mexico",derecho,171,65,29.63,3.6,0.48,0.41,0.0,1.56,30.77,30.769,53.52,1.92,1.68,27.08,0.11,0,0.12,0.12,1.2,3.83,62.5
A. Organista,Puebla,LW,LAMF,,25,600000,40,3585,Mexico,Mexico,derecho,170,65,44.62,3.14,0.13,0.14,0.03,1.63,32.31,7.692,39.11,1.46,1.51,33.26,0.11,5,0.15,0.3,0.75,3.77,52.67
Edgar Méndez,Bengaluru,CF,,,35,500000,28,2143,Spain,Spain,derecho,187,78,38.81,3.49,0.38,0.33,0.04,2.77,37.88,12.121,38.29,3.78,2.18,18.31,0.09,3,0.04,0.29,0.8,2.18,65.38
D. Benedetto,Newell's Old Boys,CF,,,35,500000,21,1288,Argentina,"Argentina, Mexico",derecho,175,75,38.33,2.31,0.0,0.33,0.0,3.21,30.43,0.0,28.05,4.47,0.98,17.61,0.15,1,0.28,0.49,1.26,1.12,56.25
A. Palma,Necaxa,RW,LWB,,23,500000,25,1305,Mexico,Mexico,derecho,176,65,32.35,5.38,0.07,0.09,0.0,0.97,42.86,7.143,43.42,2.83,1.1,22.83,0.15,3,0.07,0.55,0.34,5.59,58.02
J. Perlaza,Querétaro,LB,LW,,27,500000,13,590,Ecuador,Ecuador,izquierdo,170,71,28.57,2.9,0.15,0.02,0.0,0.46,66.67,33.333,60.0,1.07,1.22,27.0,0.06,0,0.15,0.46,0.15,1.98,69.23
K. Rosero,Necaxa,RWB,RB,RW,26,500000,33,2237,Colombia,Colombia,derecho,178,74,32.14,4.55,0.08,0.08,0.0,1.33,30.3,6.061,42.8,2.25,0.97,23.7,0.07,3,0.16,0.36,0.44,5.07,56.35
Raúl Sánchez,Necaxa,LWB,CF,LW,27,500000,37,3119,Spain,Spain,derecho,188,75,42.25,3.87,0.35,0.24,0.09,1.53,45.28,22.642,36.56,3.17,1.18,27.56,0.11,4,0.03,0.38,0.98,3.29,55.26
J. González,Atlético de San Luis,CF,,,26,500000,43,2463,Mexico,Mexico,izquierdo,186,72,32.64,1.72,0.48,0.41,0.15,2.08,50.88,22.807,25.21,2.92,1.13,14.8,0.04,2,0.0,0.18,0.4,1.1,43.33
I. Vázquez,CA La Paz,LB,LW,,24,400000,12,786,Mexico,Mexico,izquierdo,175,71,45.45,2.63,0.0,0.02,0.0,0.57,20.0,0.0,37.84,0.8,0.46,37.79,0.08,0,0.11,0.11,0.34,2.86,56.0
Dudu Teodora,Mazatlán,RW,RAMF,RWF,25,350000,23,1521,Brazil,Brazil,derecho,179,73,22.45,2.07,0.18,0.2,0.06,1.18,45.0,15.0,31.08,2.54,1.42,13.55,0.03,2,0.0,0.24,0.24,2.49,50.0
M. Domínguez,Atlético Morelia,CF,LCMF,AMF,25,300000,10,803,Mexico,Mexico,derecho,160,55,25.0,1.46,0.11,0.17,0.0,0.56,20.0,20.0,30.34,0.67,1.12,43.6,0.12,1,0.78,0.45,2.02,4.26,28.95
E. Hernández,CA La Paz,LW,RW,LCMF,36,300000,26,1473,Mexico,Mexico,derecho,172,69,21.43,3.3,0.18,0.15,0.0,1.89,35.48,9.677,34.78,1.16,0.55,35.8,0.15,6,0.49,0.43,1.1,2.32,65.79
Christian Castillo,Club Tijuana U21,LW,,,21,300000,14,1085,Mexico,Mexico,derecho,160,67,9.09,5.14,0.25,0.14,0.0,1.82,36.36,13.636,44.85,1.99,1.49,18.25,0.11,3,0.0,0.33,0.5,6.14,58.11
T. Wilke,Guadalajara,CF,,,23,300000,27,2201,Mexico,"Mexico, Netherlands",izquierdo,191,79,41.57,1.55,0.45,0.35,0.04,1.84,57.78,24.444,20.61,3.11,1.31,14.68,0.06,3,0.04,0.29,0.74,1.31,28.13
M. Giménez,Argentinos Juniors,CF,,,26,2800000,27,1219,Argentina,Argentina,izquierdo,185,73,20.51,2.17,0.15,0.3,0.0,2.09,37.04,7.407,24.19,3.79,0.93,24.76,0.12,3,0.15,0.7,1.7,3.02,35.9
M. Romero,Argentinos Juniors,CF,LWF,,26,2500000,21,1285,Argentina,Argentina,derecho,180,76,28.3,1.12,0.35,0.2,0.14,1.19,58.82,29.412,30.0,2.87,0.63,10.09,0.08,1,0.14,0.42,0.7,0.91,30.77
C. Ferreira,Argentinos Juniors,AMF,CF,,25,1800000,17,822,Argentina,Argentina,derecho,175,69,21.43,3.24,0.11,0.16,0.0,3.02,37.04,3.704,34.07,1.68,1.57,38.46,0.14,1,0.56,0.34,1.45,3.35,43.33
A. Rodríguez,Argentinos Juniors,RCMF,RW,RAMF,25,1500000,30,2607,Uruguay,"Uruguay, Italy",derecho,170,63,26.67,3.13,0.14,0.14,0.0,1.38,27.03,10.811,38.41,3.16,1.45,38.26,0.11,0,0.22,0.41,1.08,3.98,53.27
L. Giaccone,Argentinos Juniors,RAMF,RW,LAMF,24,1500000,41,1696,Argentina,Argentina,izquierdo,172,68,35.71,3.08,0.11,0.09,0.0,1.33,36.0,8.0,45.28,1.38,1.59,26.43,0.09,2,0.58,0.37,0.69,3.18,56.67
T. Molina,Argentinos Juniors,CF,,,30,1200000,32,2202,Argentina,Argentina,derecho,183,77,44.38,2.67,0.49,0.51,0.17,2.97,44.29,15.714,28.85,4.66,1.44,16.82,0.01,1,0.04,0.13,0.64,3.31,37.18
J. Gho,Argentinos Juniors,RW,LAMF,LW,22,800000,36,2792,Argentina,Argentina,derecho,176,74,37.97,3.29,0.06,0.11,0.0,1.39,18.6,4.651,41.44,2.0,0.48,25.95,0.09,3,0.1,0.42,0.42,3.96,56.91
R. Bentancourt,Argentinos Juniors,CF,,,32,700000,22,1171,Uruguay,"Uruguay, Italy",derecho,184,80,43.69,2.08,0.23,0.29,0.0,2.31,40.0,10.0,26.26,3.77,0.61,14.14,0.04,2,0.0,0.15,0.92,2.08,44.44
I. Sosa,Argentinos Juniors,LAMF,LW,RW,38,50000,36,1978,Argentina,Argentina,derecho,179,74,39.53,3.79,0.14,0.16,0.0,1.74,39.47,7.895,41.61,2.24,1.19,29.89,0.25,2,0.18,0.5,1.42,3.57,52.56
M. Brondo,Argentinos Juniors,CF,,,23,0,28,2065,Argentina,Argentina,derecho,178,70,30.19,2.11,0.26,0.32,0.09,2.29,36.54,11.538,28.73,3.52,2.59,12.04,0.04,1,0.22,0.09,0.48,2.86,38.46
A. Lescano,Argentinos Juniors,CF,RCMF,,23,0,41,3479,Argentina,Argentina,izquierdo,182,67,29.27,1.88,0.16,0.19,0.0,1.98,30.67,8.0,36.34,2.38,1.56,41.04,0.09,3,0.16,0.26,1.43,1.59,55.0
E. Viveros,Argentinos Juniors,LAMF,LW,LCMF,22,0,27,1336,Argentina,Argentina,derecho,178,70,29.27,2.16,0.07,0.09,0.0,1.37,21.05,0.0,40.97,1.37,1.51,39.35,0.1,0,0.22,0.22,0.58,2.3,62.5
D. Batallini,Bolívar,RW,LAMF,LW,29,1000000,29,1754,Argentina,"Argentina, Italy",derecho,176,77,17.24,2.67,0.1,0.12,0.0,1.23,37.5,8.333,44.3,1.74,3.08,23.65,0.09,1,0.0,0.31,0.51,2.36,58.7
J. Chura,The Strongest,LW,LB,RW,23,850000,34,2589,Bolivia,Bolivia,derecho,175,66,41.38,4.38,0.38,0.18,0.0,2.19,52.38,17.46,44.13,2.16,0.87,30.97,0.15,5,0.1,0.38,0.56,3.82,59.09
D. Romero,Bolívar,CF,,,27,800000,36,2424,Dominican Republic,Dominican Republic,,190,0,28.86,2.45,0.59,0.7,0.07,3.16,54.12,18.824,24.39,5.01,0.78,10.88,0.08,1,0.04,0.33,0.74,1.34,38.89
D. Cataño,Bolívar,AMF,CF,RW,33,700000,36,2197,Colombia,Colombia,derecho,174,75,15.79,4.18,0.2,0.2,0.0,2.13,34.62,9.615,41.97,2.09,2.25,44.86,0.11,6,0.86,0.45,1.19,3.77,59.78
Bruno Sávio,,RW,RWF,RAMF,30,650000,23,1729,Brazil,Brazil,derecho,184,70,22.58,3.44,0.36,0.3,0.05,2.03,48.72,17.949,34.75,2.91,0.62,30.29,0.26,5,0.78,0.78,2.19,2.97,40.35
C. Cañozales,Carabobo,LW,LWF,CF,26,600000,35,2056,Colombia,Colombia,derecho,186,75,34.18,4.86,0.18,0.23,0.04,1.53,45.71,11.429,34.74,2.41,0.79,22.89,0.12,4,0.0,0.39,0.66,6.39,46.58
C. Menacho,Blooming,CF,,,25,600000,40,2622,Bolivia,Bolivia,derecho,183,80,32.71,2.37,0.34,0.45,0.07,2.51,42.47,13.699,27.16,3.43,0.72,15.72,0.06,1,0.1,0.24,0.48,1.89,50.91
B. Miranda,Aucas,CF,,,27,550000,44,2506,Bolivia,Bolivia,derecho,180,79,28.95,2.26,0.43,0.42,0.04,2.66,48.65,16.216,29.56,3.45,0.83,14.94,0.07,2,0.07,0.29,0.79,1.44,45.0
J. Flores,The Strongest,LAMF,CF,LW,21,500000,25,1426,Bolivia,Bolivia,derecho,177,68,25.0,5.05,0.44,0.39,0.06,2.34,48.65,18.919,41.44,3.47,1.89,19.0,0.07,0,0.06,0.13,0.63,5.24,53.01
M. Noble,Gimnasia Jujuy,LW,LCMF,LAMF,28,500000,24,1037,Argentina,Argentina,izquierdo,182,68,45.45,3.99,0.17,0.14,0.09,1.56,44.44,11.111,52.78,1.74,1.39,36.62,0.17,2,0.61,0.17,0.87,2.17,76.0
G. Sotomayor,The Strongest,CF,LAMF,,26,500000,30,1321,Bolivia,Bolivia,derecho,174,61,15.38,3.61,0.61,0.36,0.07,2.86,40.48,21.429,35.97,3.95,1.29,27.05,0.14,5,0.41,0.82,2.32,3.41,50.0
H. Vaca,Oriente Petrolero,RW,RAMF,,27,500000,13,684,Bolivia,Bolivia,izquierdo,165,60,40.0,6.05,0.39,0.19,0.0,2.5,47.37,15.789,40.91,3.82,1.32,28.68,0.23,0,0.66,0.53,2.37,5.53,54.76
J. López Pissano,BG Pathum United,CF,LCMF,,28,500000,32,2359,Argentina,Argentina,izquierdo,180,73,15.0,3.17,0.19,0.09,0.0,2.37,37.1,8.065,35.14,0.61,0.42,28.77,0.11,2,0.42,0.34,0.57,2.29,56.67
H. Sánchez,Guabirá,LW,LCMF,RCMF,28,500000,29,1999,Bolivia,Bolivia,derecho,170,66,46.43,2.66,0.09,0.15,0.0,1.35,30.0,6.667,41.55,1.22,1.71,38.18,0.19,5,0.32,0.36,0.81,3.33,52.7
J. García,The Strongest,LAMF,LW,CF,25,500000,36,2386,Bolivia,Bolivia,izquierdo,170,62,32.61,3.02,0.45,0.29,0.08,2.3,45.9,19.672,41.48,3.81,2.26,24.37,0.15,4,0.3,0.64,0.68,3.13,36.14
V. Ábrego,Nacional Potosí,CF,LAMF,LW,28,450000,36,2204,Bolivia,Bolivia,derecho,176,74,38.98,3.68,0.49,0.46,0.08,3.23,37.97,15.19,36.25,4.57,1.67,19.68,0.11,5,0.33,0.57,0.94,3.88,41.05
L. Chávez,Bolívar,LW,LWF,AMF,22,450000,27,1236,Bolivia,Bolivia,derecho,170,63,23.08,2.04,0.07,0.04,0.0,1.02,35.71,7.143,36.36,1.67,0.87,36.48,0.07,1,0.29,0.29,0.95,2.33,40.63
R. Amaral,Oriente Petrolero,CF,,,28,450000,26,1708,Uruguay,Uruguay,izquierdo,175,85,53.33,2.85,0.21,0.3,0.0,3.53,34.33,5.97,36.36,1.69,1.42,24.66,0.2,4,0.32,0.42,0.9,3.27,41.94
A. Graneros,Alianza Atlético,CF,LW,,29,450000,41,3726,Argentina,Argentina,derecho,180,73,31.58,3.89,0.43,0.46,0.05,3.0,49.59,14.05,33.25,4.49,1.09,13.88,0.17,7,0.2,0.62,0.87,2.8,52.21
J. Bocanegra,Boyacá Chicó,RCMF,LW,RWF,26,450000,10,549,Colombia,Colombia,izquierdo,176,74,0.0,1.8,0.16,0.06,0.0,1.97,25.0,8.333,30.0,1.48,1.97,29.02,0.06,1,0.0,0.16,0.66,2.62,37.5
J. Uzeda,Always Ready,RW,,,22,450000,13,785,Bolivia,Bolivia,izquierdo,172,63,33.33,4.82,0.11,0.18,0.0,1.72,33.33,6.667,49.5,2.98,1.61,29.92,0.15,4,0.23,0.92,2.18,6.08,60.38
J. Martínez,CSKA 1948 Sofia,CF,LW,RW,22,450000,34,2576,Bolivia,Bolivia,derecho,174,69,34.0,2.8,0.31,0.24,0.03,2.66,32.89,11.842,43.86,2.86,1.08,21.7,0.11,3,0.1,0.63,0.94,2.27,53.85
A. Oviedo,Tigre,CF,,,29,400000,37,2119,Paraguay,Paraguay,derecho,181,79,30.69,2.29,0.55,0.45,0.08,2.55,45.0,21.667,28.35,4.37,0.76,12.91,0.14,2,0.13,0.38,1.49,1.78,57.14
N. Acosta,Blooming,CF,LW,LWF,26,400000,14,838,Uruguay,Uruguay,derecho,181,80,42.86,5.26,0.32,0.31,0.0,1.4,30.77,23.077,35.25,5.69,1.4,21.8,0.23,3,0.21,0.86,1.07,6.87,50.0
D. Pérez,Real Tomayapo,CF,LAMF,LW,25,400000,20,1042,Venezuela,Venezuela,derecho,181,73,38.6,2.94,0.0,0.11,0.0,1.38,37.5,0.0,43.28,3.02,1.73,20.21,0.11,2,0.0,0.26,0.78,3.28,60.53
C. Melgar,Bolívar,LWF,LCMF,,30,400000,43,3235,Bolivia,Bolivia,derecho,172,67,28.57,3.26,0.45,0.32,0.06,2.36,40.0,18.824,43.91,3.89,1.86,38.25,0.16,8,0.42,0.64,1.81,1.89,55.88
M. Alaníz,Blooming,RCMF,RW,,32,400000,24,2241,Uruguay,Uruguay,izquierdo,175,67,50.0,3.53,0.16,0.15,0.0,2.21,34.55,7.273,49.19,2.21,2.77,41.16,0.25,8,0.6,0.96,2.21,2.85,59.15
S. Guerrero,The Strongest,CF,LW,,24,400000,22,1289,Uruguay,Uruguay,derecho,172,67,25.0,2.72,0.63,0.44,0.07,2.09,50.0,30.0,34.69,3.35,1.19,21.02,0.09,1,0.07,0.35,0.7,1.82,69.23
D. Camacho,Universitario de Vinto,RCMF,CF,AMF,26,400000,31,2253,Bolivia,Bolivia,derecho,178,72,56.67,1.28,0.16,0.12,0.04,0.8,40.0,20.0,30.84,1.12,0.8,26.76,0.07,0,0.08,0.24,0.48,0.88,54.55
Daniel Passira,Ha Noi,CF,,,29,375000,38,3231,Brazil,Brazil,,0,0,41.84,2.45,0.53,0.48,0.17,2.37,49.41,22.353,36.75,3.7,1.5,17.16,0.11,6,0.06,0.58,0.86,1.87,50.75
W. Álvarez,Nacional Potosí,CF,LAMF,,29,375000,33,1303,Bolivia,Bolivia,derecho,184,76,30.77,2.0,0.41,0.59,0.14,2.9,40.48,14.286,34.88,4.21,0.35,18.37,0.11,2,0.0,0.48,0.62,0.97,42.86
J. Correa,Malacateco,CF,,,32,350000,44,1832,Colombia,Colombia,derecho,185,86,44.0,1.23,0.44,0.35,0.25,1.77,47.22,25.0,22.46,3.44,1.23,16.51,0.03,1,0.2,0.25,0.84,1.03,23.81
J. Arrascaita,The Strongest,RCMF,RW,LCMF,31,350000,32,2691,Bolivia,Bolivia,derecho,175,65,42.86,1.81,0.17,0.16,0.0,1.24,43.24,13.514,42.02,1.74,1.61,35.82,0.08,1,0.17,0.37,1.14,1.77,54.72
G. Álvarez,Oriente Petrolero,CF,,,33,350000,37,2408,Bolivia,Bolivia,derecho,185,80,39.53,1.94,0.49,0.43,0.07,1.68,55.56,28.889,32.33,2.21,0.86,12.75,0.05,2,0.0,0.11,0.49,1.16,61.29
M. Tomianovic,Real Tomayapo,RW,RAMF,CF,23,350000,29,1308,Bolivia,"Bolivia, Croatia",derecho,167,68,28.57,4.61,0.0,0.13,0.0,1.65,20.83,0.0,37.5,1.93,1.44,27.73,0.12,1,0.07,0.62,0.76,5.37,50.0
G. Peredo,Guabirá,RW,,,25,350000,29,2449,Bolivia,Bolivia,derecho,0,0,45.45,2.46,0.44,0.31,0.0,1.95,49.06,22.642,40.0,3.01,0.55,23.7,0.12,2,0.04,0.37,0.37,1.84,52.0
D. Porozo,Leones del Norte,CF,RAMF,RW,27,350000,29,1784,Ecuador,Ecuador,derecho,172,67,24.56,3.43,0.4,0.25,0.05,2.17,46.51,18.605,39.63,3.58,1.26,13.02,0.08,3,0.05,0.5,0.66,3.23,54.69
C. Lucumí,Alianza,CF,,,25,350000,25,1039,Colombia,Colombia,derecho,186,81,54.9,2.17,0.43,0.62,0.09,3.55,41.46,12.195,23.44,4.59,0.35,10.48,0.02,0,0.0,0.26,0.35,1.47,35.29
E. Triverio,The Strongest,CF,,,36,350000,33,2499,Argentina,Argentina,derecho,183,82,40.0,2.52,0.43,0.39,0.07,2.48,50.72,17.391,33.93,4.07,1.33,23.01,0.15,5,0.14,0.43,1.12,1.51,57.14
H. Dorrego,Sportivo Luqueño,RAMF,AMF,RW,32,350000,28,1922,Uruguay,Uruguay,derecho,177,73,27.03,2.95,0.14,0.19,0.0,2.29,48.98,6.122,41.46,1.73,0.61,25.01,0.27,8,0.05,0.61,0.75,1.36,51.72
L. Gutiérrez,Juazeirense,CF,LW,RW,26,325000,24,1039,Bolivia,Bolivia,izquierdo,170,74,24.32,2.69,0.09,0.14,0.09,1.82,42.86,4.762,40.0,1.56,1.04,21.31,0.09,2,0.26,0.26,0.61,1.99,56.52
M. Ortega,Aurora,LW,AMF,CF,34,300000,34,2347,Colombia,Colombia,derecho,172,70,50.0,3.41,0.31,0.24,0.0,2.07,40.74,14.815,45.7,1.23,1.76,43.87,0.28,6,0.31,0.58,1.42,2.68,62.86
S. Garzón,Blooming,CF,LW,,26,300000,38,1860,Bolivia,Bolivia,derecho,175,0,28.57,3.53,0.44,0.36,0.0,2.52,44.23,17.308,37.7,3.53,1.31,16.69,0.02,1,0.24,0.34,0.53,3.97,50.0
J. Velasco,Always Ready,LB,LW,,21,300000,22,1996,Bolivia,Bolivia,izquierdo,174,67,57.5,1.17,0.0,0.02,0.0,0.77,17.65,0.0,38.46,0.59,0.68,23.45,0.02,1,0.0,0.18,0.23,1.13,56.0
S. Galindo,Gualberto Villarroel SJ,CF,AMF,LCMF,33,300000,27,1282,Bolivia,Bolivia,izquierdo,189,80,46.15,2.46,0.0,0.09,0.0,1.33,52.63,0.0,30.77,0.77,0.77,54.83,0.19,2,0.84,0.84,1.97,1.54,50.0
D. Palacio,Nacional Potosí,LW,LAMF,LWF,28,300000,32,2329,Colombia,Colombia,izquierdo,179,64,43.18,5.76,0.04,0.06,0.0,1.43,27.03,2.703,42.04,1.58,1.51,25.93,0.2,6,0.08,0.73,0.62,5.99,58.06
Rafinha,Guabirá,AMF,CF,LCMF,33,300000,32,2221,Brazil,Brazil,derecho,174,65,24.0,3.04,0.24,0.21,0.04,2.59,35.94,9.375,45.78,1.74,1.22,33.51,0.22,9,0.57,0.61,1.54,2.43,56.67
E. González,Shijiazhuang Gongfu,CF,,,26,300000,33,2961,Colombia,Colombia,derecho,189,0,39.18,2.22,0.55,0.36,0.06,2.22,49.32,24.658,30.94,3.71,1.91,13.74,0.04,2,0.03,0.15,0.64,2.16,47.89
B. Sobrero,CSKA 1948 Sofia,CF,,,26,300000,34,2340,Argentina,Argentina,,0,0,35.29,4.5,0.69,0.52,0.08,3.81,49.49,18.182,41.82,4.85,0.62,28.5,0.18,7,0.19,0.85,2.31,3.42,59.55
R. Ruidíaz,Atlético Grau,CF,,,35,2000000,22,1388,Peru,"Peru, Croatia",derecho,167,65,27.12,2.27,0.32,0.49,0.0,3.89,35.0,8.333,41.28,2.85,1.49,14.85,0.07,0,0.0,0.13,0.71,1.43,54.55
S. González,Sporting Cristal,RAMF,RW,RWF,25,1800000,32,2970,Argentina,Argentina,derecho,169,60,23.4,5.15,0.33,0.31,0.03,2.55,40.48,13.095,40.15,3.73,1.03,26.64,0.28,13,0.33,0.91,1.33,4.15,50.36
É. Flores,Universitario,CF,,,31,1200000,42,2715,Peru,Peru,izquierdo,170,72,30.59,2.12,0.27,0.2,0.1,2.19,28.79,12.121,39.89,2.82,1.43,21.08,0.13,5,0.13,0.56,1.16,1.62,44.9
A. Cantero,Alianza Lima,AMF,RWF,LW,27,1000000,28,1570,Argentina,Argentina,derecho,184,80,30.0,4.18,0.11,0.32,0.0,2.29,47.5,5.0,36.24,2.52,2.64,20.81,0.03,1,0.17,0.23,0.57,5.79,49.5
A. Valera,Universitario,CF,,,29,850000,40,3350,Peru,Peru,izquierdo,183,76,47.47,2.53,0.38,0.46,0.16,3.14,37.61,11.966,26.03,4.41,0.73,21.3,0.06,6,0.08,0.38,0.62,1.88,48.57
L. Guzmán,Melgar,RW,AMF,RAMF,25,850000,32,1775,Argentina,Argentina,izquierdo,173,64,27.5,5.2,0.15,0.12,0.0,2.11,46.34,7.317,44.41,2.26,2.88,26.91,0.11,0,0.36,0.41,1.18,5.51,53.27
N. Quagliata,PAOK,AMF,LW,,26,800000,24,901,Uruguay,"Uruguay, Italy",derecho,172,68,41.67,3.76,0.1,0.1,0.1,2.09,40.0,5.0,42.53,1.88,0.63,41.76,0.17,1,0.73,0.63,1.67,4.49,48.84
Pablo Sabbag,Suwon,CF,,,28,750000,35,2369,Colombia,"Colombia, Syria",izquierdo,188,81,40.72,2.2,0.46,0.49,0.04,2.62,46.38,17.391,24.46,3.88,0.99,16.3,0.08,2,0.08,0.15,0.72,1.71,46.67
K. Cabrera,Melgar,LW,LAMF,,22,700000,41,3113,Japan,"Japan, Peru",derecho,174,64,40.0,4.02,0.29,0.19,0.03,1.21,40.48,23.81,39.39,2.17,1.82,34.49,0.18,6,0.23,0.75,1.68,4.54,53.5
J. Rivera,Universitario,CF,,,28,700000,38,1510,Peru,Peru,derecho,172,69,32.79,3.28,0.54,0.58,0.06,3.4,36.84,15.789,33.33,4.17,1.67,16.15,0.07,1,0.0,0.3,0.54,2.62,54.55
K. Quevedo,Alianza Lima,LAMF,LW,LWF,28,700000,43,3035,Peru,Peru,derecho,174,71,25.26,2.79,0.15,0.21,0.03,2.05,37.68,7.246,34.35,2.88,0.98,21.23,0.11,4,0.21,0.39,0.86,3.35,45.13
Y. Mena,Alianza Universidad,CF,RW,,34,650000,33,3124,Colombia,Colombia,derecho,182,79,38.52,1.96,0.26,0.4,0.0,2.1,42.47,12.329,25.63,2.79,0.58,11.47,0.06,3,0.17,0.2,0.49,1.84,42.19
T. Martínez,Melgar,AMF,RCMF,CF,30,600000,43,3243,Argentina,"Argentina, Italy",izquierdo,172,66,19.35,3.62,0.11,0.23,0.0,2.93,29.13,3.883,34.15,2.42,1.48,40.02,0.25,6,0.37,0.66,1.4,4.16,39.73
E. Castillo,Alianza Lima,RW,RAMF,LW,30,600000,35,2813,Ecuador,Ecuador,derecho,178,80,35.71,3.97,0.26,0.19,0.0,1.89,33.9,13.559,36.24,3.58,0.58,20.96,0.16,5,0.16,0.58,0.9,4.29,55.97
C. López,Sport Boys,RAMF,RW,RWF,30,550000,31,2382,Colombia,Colombia,derecho,182,75,45.16,3.59,0.15,0.21,0.0,1.28,50.0,11.765,42.26,2.42,0.79,29.06,0.24,6,0.26,0.64,0.83,2.19,55.17
A. Fernández,ADT,CF,,,32,500000,16,1147,Paraguay,Paraguay,izquierdo,184,78,44.44,1.18,0.16,0.19,0.08,1.8,43.48,8.696,23.76,3.14,1.18,13.65,0.1,1,0.31,0.24,0.63,0.94,33.33
P. Ceppelini,Alianza Lima,AMF,CF,LCMF,33,500000,45,2410,Uruguay,"Uruguay, Italy",derecho,176,68,26.47,2.2,0.07,0.15,0.0,1.68,31.11,4.444,46.46,1.34,1.05,49.15,0.25,5,0.41,0.78,2.09,0.6,62.5
M. Succar,Alianza Lima,CF,RWF,,26,500000,25,891,Peru,"Peru, Lebanon",izquierdo,184,81,35.29,1.82,0.0,0.29,0.0,2.42,41.67,0.0,24.74,3.94,1.41,13.43,0.1,0,0.1,0.4,0.3,1.31,38.46
K. Sandoval,Deportivo Garcilaso,LW,LWF,,28,500000,22,1672,Peru,Peru,izquierdo,174,62,31.25,1.67,0.16,0.08,0.0,1.51,28.57,10.714,36.62,1.29,1.13,18.14,0.3,6,0.27,0.22,0.48,2.05,39.47
B. Blando,Agropecuario,CF,LW,,30,475000,23,1694,Argentina,Argentina,derecho,184,82,30.51,6.16,0.27,0.45,0.11,3.03,42.11,8.772,48.09,3.88,2.44,19.23,0.08,4,0.11,0.48,0.9,5.68,63.55
C. Cabello,ADT,CF,RW,RWB,27,450000,21,1639,Peru,Peru,derecho,175,68,42.11,3.35,0.22,0.19,0.0,1.48,44.44,14.815,43.1,2.64,1.04,25.48,0.13,4,0.16,0.55,1.48,2.53,58.7
L. Benites,Cienciano,AMF,CF,LAMF,29,450000,35,1860,Peru,Peru,derecho,165,60,6.25,2.42,0.19,0.12,0.0,1.65,23.53,11.765,38.1,1.21,1.6,33.77,0.1,2,0.34,0.24,1.06,2.37,53.06
C. Olivares,Atlético Grau,CF,,,26,450000,21,874,Greece,"Greece, Peru",derecho,188,73,27.66,2.99,0.1,0.41,0.1,2.16,33.33,4.762,30.93,4.22,0.31,16.99,0.11,2,0.0,0.72,1.03,3.4,51.52
R. Sandoval,Comerciantes Unidos,RW,RAMF,LAMF,30,450000,14,1056,Peru,Peru,derecho,171,72,16.67,1.53,0.09,0.11,0.0,0.6,57.14,14.286,40.96,1.45,1.62,19.35,0.05,1,0.09,0.17,0.6,1.79,52.38
F. Roca,Sport Boys,CF,,,23,450000,24,919,Peru,Peru,derecho,0,0,35.29,1.18,0.29,0.32,0.0,1.86,52.63,15.789,17.78,2.45,0.78,16.65,0.1,0,0.1,0.39,0.49,0.59,16.67
G. Gentile,Alianza Lima,LW,CF,LWF,30,450000,33,2479,Argentina,Argentina,derecho,182,71,18.18,4.25,0.33,0.3,0.07,2.36,41.54,13.846,42.21,3.63,0.87,20.19,0.15,3,0.0,0.47,0.69,4.47,53.66
P. de la Cruz,Atlético Grau,RAMF,RW,RCMF,25,425000,25,2184,Peru,Peru,derecho,165,60,25.64,3.71,0.12,0.13,0.0,1.32,46.88,9.375,40.61,2.51,1.28,28.68,0.12,3,0.08,0.45,1.11,4.04,57.14
A. Vasquez,UTC Cajamarca,RW,RCMF,LCMF,22,425000,21,1240,Peru,Peru,derecho,170,64,26.09,2.25,0.15,0.12,0.0,1.67,21.74,8.696,37.61,1.23,1.52,46.31,0.16,2,0.29,0.65,1.31,2.03,53.57
V. Perlaza,Unión Comercio,CF,RAMF,LAMF,30,400000,26,2103,Colombia,Colombia,derecho,186,74,43.56,3.08,0.04,0.17,0.04,2.31,18.52,1.852,30.91,2.27,1.75,17.33,0.08,2,0.17,0.26,0.6,4.37,47.06
J. Romagnoli,Cienciano,RW,RAMF,RWB,28,400000,34,2443,Argentina,"Argentina, Italy",derecho,183,73,39.53,2.84,0.07,0.06,0.04,1.29,28.57,5.714,40.88,1.58,0.88,25.38,0.15,5,0.11,0.48,0.99,2.17,54.24
C. Ross,Copiapó,RAMF,RW,,34,400000,26,1703,Chile,Chile,derecho,175,71,21.43,3.86,0.11,0.08,0.0,1.0,42.11,10.526,25.64,2.54,0.32,34.77,0.23,4,0.11,0.9,0.9,1.64,38.71
M. da Luz,ADT,CF,RAMF,RW,30,400000,25,1517,Uruguay,Uruguay,derecho,174,70,28.57,2.79,0.24,0.42,0.06,2.79,36.17,8.511,33.59,4.09,1.48,15.72,0.05,1,0.0,0.18,0.71,3.09,36.54
L. Cano,Deportivo Táchira,CF,,,30,400000,41,2849,Argentina,Argentina,derecho,185,76,40.63,2.43,0.32,0.49,0.09,3.16,40.0,10.0,31.64,3.38,1.61,19.65,0.07,3,0.16,0.28,0.76,2.08,42.42
Y. Gamero,Melgar,RWB,RCMF,RW,23,400000,8,566,Peru,Peru,derecho,175,66,31.58,2.23,0.16,0.14,0.0,0.95,33.33,16.667,43.24,1.75,1.59,35.46,0.07,0,0.0,0.48,0.64,3.02,36.84
A. Hohberg,Sport Boys,AMF,LW,LCMF,33,400000,21,1792,Peru,"Peru, Uruguay",derecho,168,72,20.0,2.26,0.5,0.47,0.1,2.76,38.18,18.182,39.39,2.36,1.05,26.37,0.19,5,0.3,0.1,0.8,1.76,45.71
E. Ramírez Manrique,UTC Cajamarca,LW,AMF,LCMF,27,400000,26,2089,Peru,Peru,derecho,175,77,32.0,2.67,0.26,0.19,0.0,2.97,33.33,8.696,44.29,2.5,0.99,26.97,0.11,1,0.34,0.26,0.73,2.41,53.57
B. Palacios,UTC Cajamarca,CF,LW,RW,27,400000,18,951,Mexico,"Mexico, Peru",izquierdo,176,58,41.46,2.65,0.0,0.12,0.0,1.7,27.78,0.0,35.0,1.23,1.89,22.43,0.12,0,0.09,0.57,0.76,3.5,45.95
A. Quiñonez,Libertad,CF,LW,,28,400000,25,1380,Ecuador,Ecuador,derecho,182,82,36.36,1.37,0.13,0.16,0.0,1.43,40.91,9.091,26.14,2.87,0.46,16.89,0.03,0,0.0,0.39,0.39,1.3,25.0
C. Bordacahar,Melgar,RW,RAMF,CF,33,400000,37,3177,Argentina,Argentina,derecho,179,82,46.63,3.25,0.2,0.29,0.06,2.03,38.57,10.0,31.92,3.89,0.61,33.83,0.26,6,0.23,0.99,1.71,2.03,54.29
R. Huaccha,Sport Huancayo,CF,LAMF,AMF,31,400000,25,1222,Peru,Peru,derecho,175,71,27.03,1.91,0.22,0.2,0.0,1.69,60.87,8.696,31.46,3.61,0.88,19.89,0.04,0,0.0,0.22,0.59,1.47,50.0
L. Urruti,Sport Boys,CF,LAMF,AMF,32,400000,30,2524,Uruguay,"Uruguay, Peru",derecho,172,64,34.88,2.71,0.25,0.23,0.04,2.6,35.62,9.589,38.2,2.28,2.03,20.72,0.17,5,0.18,0.36,0.93,2.28,51.56
F. Pacheco,Sporting Cristal,LWF,LAMF,RWF,26,400000,20,1116,Peru,Peru,derecho,175,74,31.82,3.79,0.24,0.3,0.0,1.61,50.0,15.0,40.32,3.95,1.85,22.58,0.15,3,0.08,0.56,1.21,4.35,44.44
J. Canela,Alianza Universidad,RW,LW,RAMF,27,400000,21,1686,Peru,Peru,derecho,163,60,38.46,3.1,0.16,0.19,0.0,1.71,28.13,9.375,48.52,2.19,2.19,21.09,0.06,1,0.11,0.32,0.48,3.04,56.14
A. Rodríguez,Amazonas,CF,RW,RAMF,30,400000,30,1194,Peru,Peru,derecho,184,79,42.37,1.51,0.0,0.12,0.0,0.68,0.0,0.0,24.2,2.11,1.51,22.76,0.04,2,0.15,0.23,0.68,1.43,57.89
N. Albarracín,Foshan Nanshi,CF,RW,LW,32,400000,26,2125,Uruguay,"Uruguay, Italy",izquierdo,180,72,41.18,3.01,0.38,0.29,0.0,1.86,45.45,20.455,47.09,2.03,2.03,33.16,0.26,7,0.34,0.8,1.27,1.91,60.0
L. Ramos,América de Cali,CF,,,25,400000,46,2601,Peru,Peru,derecho,183,76,33.16,1.87,0.42,0.41,0.1,2.04,55.93,20.339,22.49,3.08,1.14,17.13,0.03,3,0.14,0.21,0.52,0.8,56.52
A. Succar,,CF,,,29,375000,19,1197,Peru,"Peru, Lebanon",derecho,180,78,36.99,2.03,0.23,0.16,0.0,1.13,40.0,20.0,27.33,1.8,1.05,18.35,0.03,0,0.0,0.23,0.9,2.78,48.65
Ó. Pinto,ADT,RAMF,RW,LW,23,375000,27,1238,Peru,Peru,derecho,179,74,54.17,3.85,0.07,0.13,0.0,1.6,22.73,4.545,39.29,1.82,1.38,18.83,0.09,1,0.07,0.44,0.44,4.65,53.13
F. Oncoy,UTC Cajamarca,RCMF,RW,CF,24,375000,30,2099,Peru,Peru,derecho,180,72,48.78,0.51,0.04,0.11,0.04,0.47,36.36,9.091,29.17,1.59,0.39,35.55,0.02,0,0.04,0.17,0.77,0.86,30.0
Y. Celi,Deportivo Garcilaso,RW,RCMF,LCMF,23,375000,20,852,Peru,Peru,izquierdo,177,78,66.67,2.96,0.0,0.05,0.0,1.37,23.08,0.0,44.71,0.85,1.58,26.83,0.11,0,0.32,0.21,0.53,3.27,58.06
P. Lavandeira,Alianza Lima,RCMF,LCMF,CF,35,350000,23,1495,Uruguay,"Uruguay, Peru",derecho,173,70,32.56,2.59,0.12,0.25,0.0,1.93,34.38,6.25,36.64,2.29,1.38,30.52,0.13,4,0.36,0.66,1.32,1.87,48.39
Arley Rodríguez,Real Cartagena,RAMF,LW,LAMF,32,350000,32,2103,Colombia,Colombia,derecho,180,74,50.71,1.54,0.04,0.1,0.04,0.98,21.74,4.348,34.04,2.01,1.5,21.7,0.09,2,0.17,0.17,0.68,2.01,44.68
G. Costa,Universitario,CF,RCMF,LCMF,35,350000,29,923,Uruguay,"Uruguay, Peru",derecho,171,70,30.0,2.83,0.1,0.15,0.0,2.15,45.45,4.545,36.84,2.63,1.76,34.91,0.15,2,0.1,0.49,0.88,3.61,40.54
A. González,Cienciano,CF,AMF,LCMF,28,350000,27,1902,Uruguay,Uruguay,izquierdo,174,65,37.5,2.27,0.0,0.06,0.0,1.66,22.86,0.0,46.45,0.9,2.7,34.59,0.1,2,0.28,0.09,0.95,2.22,65.96
J. Quintero,UTC Cajamarca,CF,,,31,350000,32,3047,Colombia,Colombia,derecho,188,80,29.41,2.63,0.35,0.38,0.03,2.27,35.06,15.584,28.57,2.95,1.45,13.23,0.05,1,0.12,0.18,0.65,3.04,49.51
G. Balanta,UTC Cajamarca,RW,LAMF,,32,350000,22,1029,Colombia,Colombia,derecho,174,72,27.59,2.62,0.0,0.05,0.0,1.57,27.78,0.0,35.04,0.79,1.75,31.4,0.09,0,0.17,0.09,0.7,3.32,52.63
B. Cuesta,Melgar,CF,,,36,350000,13,1093,Argentina,"Argentina, Peru",derecho,181,76,33.33,3.63,0.25,0.51,0.0,4.72,38.46,5.769,38.0,5.26,1.0,19.14,0.2,1,0.36,0.45,1.36,1.81,50.0
A. Yovera,Ayacucho,LW,LB,LCB,24,350000,17,985,Peru,Peru,izquierdo,182,73,44.83,1.92,0.0,0.08,0.0,0.82,33.33,0.0,45.61,1.28,1.19,19.64,0.04,1,0.0,0.09,0.37,2.38,65.38
F. Callejo,Cusco,CF,,,33,350000,34,1936,Argentina,Argentina,derecho,170,67,44.66,1.86,0.88,0.54,0.28,3.11,44.78,28.358,28.33,4.6,0.79,14.04,0.05,2,0.05,0.19,0.46,0.51,45.45
A. Ramírez,César Vallejo,RW,AMF,RAMF,33,325000,20,972,Peru,Peru,derecho,174,67,38.46,3.8,0.09,0.1,0.0,1.67,38.89,5.556,46.99,1.94,0.56,27.31,0.16,0,0.46,0.37,0.56,3.15,64.71
K. Ruíz,,LAMF,LW,RAMF,30,325000,17,739,Peru,Peru,derecho,180,72,57.14,3.04,0.0,0.11,0.0,1.46,41.67,0.0,35.79,1.58,0.97,22.04,0.09,0,0.0,0.37,0.24,3.17,57.69
R. Gómez,Alianza Universidad,LW,LAMF,,31,325000,15,629,Peru,Peru,derecho,170,68,20.0,1.86,0.0,0.06,0.0,1.43,20.0,0.0,55.56,0.86,2.58,37.49,0.03,0,0.14,0.14,0.43,1.72,66.67
C. Benavente,AS FC Buzău,LAMF,LW,,31,325000,17,895,Spain,"Spain, Peru",ambidiestro,172,73,38.89,2.41,0.0,0.15,0.0,1.51,20.0,0.0,33.9,1.21,0.6,33.99,0.12,2,0.0,0.5,0.4,2.31,52.17
R. Castro,Alianza Atlético,LCMF,LW,,32,325000,33,2331,Argentina,"Argentina, Italy",derecho,169,69,38.6,1.54,0.0,0.05,0.0,0.93,41.67,0.0,54.19,1.24,2.16,20.66,0.11,2,0.08,0.12,0.58,1.43,70.27
L. da Silva,Cienciano,CF,LW,,28,325000,30,1750,Peru,"Peru, Brazil",derecho,179,69,46.43,2.93,0.21,0.29,0.15,2.01,35.9,10.256,39.69,3.09,1.9,22.27,0.05,0,0.26,0.15,0.57,3.34,58.46
R. Fernández,Juan Pablo II College,RAMF,CF,RW,27,325000,19,1079,Peru,Peru,derecho,177,70,23.81,2.67,0.0,0.16,0.0,1.5,11.11,0.0,35.65,3.17,1.25,24.61,0.11,2,0.25,0.42,1.25,3.84,47.83
J. Rostaing,Atlético Grau,RB,RW,RCB,30,325000,36,3124,Peru,Peru,derecho,177,78,51.08,1.15,0.03,0.03,0.0,0.63,22.73,4.545,38.53,0.58,0.75,40.19,0.09,2,0.03,0.17,0.37,0.6,66.67
J. Manzaneda,Los Chankas,LW,CF,LAMF,30,325000,32,3036,Peru,Peru,derecho,177,72,33.33,2.91,0.27,0.21,0.03,2.16,34.25,12.329,39.14,2.55,1.45,27.75,0.06,5,0.09,0.36,0.62,3.17,55.14
L. Colitto,Cusco,LAMF,LW,LWF,31,325000,30,2757,Argentina,"Argentina, Italy",izquierdo,170,68,18.18,4.6,0.13,0.19,0.0,1.6,30.61,8.163,42.56,2.38,0.36,35.91,0.31,9,0.33,1.14,1.04,4.28,50.38
P. Vivanco,Comerciantes Unidos,AMF,CF,RWF,25,325000,17,690,Peru,Peru,derecho,180,70,22.22,2.09,0.13,0.14,0.0,1.57,33.33,8.333,37.04,2.35,0.39,35.35,0.17,0,0.52,1.04,1.57,1.43,54.55
M. Sen,Comerciantes Unidos,CF,,,33,325000,31,2878,Argentina,Argentina,derecho,184,0,46.06,1.5,0.44,0.4,0.16,2.25,38.89,19.444,27.71,2.6,1.16,11.16,0.03,1,0.06,0.16,0.25,0.75,62.5
Ó. Barreto,Unión Magdalena,RCMF,CF,RW,32,300000,17,786,Colombia,Colombia,derecho,175,68,16.67,2.29,0.0,0.12,0.0,1.83,25.0,0.0,55.56,1.15,2.4,39.85,0.09,0,0.23,0.34,1.26,1.72,66.67
F. Medina,Ayacucho,RB,RW,,25,300000,16,880,Peru,Peru,derecho,179,73,53.33,2.97,0.0,0.01,0.0,0.2,50.0,0.0,32.61,0.41,0.61,40.6,0.09,0,0.0,0.41,0.31,2.05,50.0
L. Nequecaur,Sport Boys,CF,,,32,300000,20,1614,Argentina,"Argentina, Italy",derecho,193,90,50.98,1.73,0.56,0.39,0.22,1.62,55.17,34.483,31.58,2.23,1.73,15.45,0.09,2,0.17,0.45,0.89,1.06,52.63
J. Rojas,ADT,CF,LW,AMF,36,300000,24,1852,Ecuador,"Ecuador, Mexico",derecho,174,67,27.5,4.42,0.19,0.23,0.1,1.7,37.14,11.429,38.43,3.6,1.75,28.04,0.14,2,0.24,0.39,1.07,5.39,52.25
Y. Oliva,Alianza Universidad,LCMF,RCMF,CF,29,300000,15,590,Peru,Peru,derecho,172,70,50.0,2.44,0.0,0.18,0.0,1.83,8.33,0.0,55.56,0.46,1.37,42.71,0.09,0,0.15,0.61,0.92,1.98,69.23
J. Cortés,Hapoel Hadera,CF,LWF,,30,300000,29,1946,Colombia,Colombia,derecho,179,75,35.51,2.91,0.37,0.36,0.14,2.73,37.29,13.559,33.47,3.84,1.43,13.55,0.07,2,0.0,0.14,0.74,3.38,47.95
D. Churín,Universitario,CF,,,35,300000,38,1452,Argentina,Argentina,derecho,185,85,46.15,1.67,0.31,0.27,0.12,1.3,47.62,23.81,28.66,3.47,1.98,23.31,0.08,0,0.25,0.37,0.99,0.68,72.73
O. Noronha,Cienciano,CF,,,33,300000,34,1567,Peru,Peru,izquierdo,181,64,40.85,1.61,0.29,0.29,0.06,1.9,45.45,15.152,29.17,3.96,0.57,13.67,0.07,1,0.06,0.34,0.75,1.21,47.62
C. Garcés,Cienciano,CF,,,35,300000,34,3158,Ecuador,Ecuador,derecho,186,78,31.5,1.05,0.43,0.36,0.11,1.97,42.03,21.739,31.86,3.05,1.14,11.6,0.04,3,0.17,0.23,0.6,0.46,31.25
R. Torres,Binacional,AMF,RW,RCMF,34,300000,23,1022,Colombia,"Colombia, United States",derecho,169,67,18.18,3.61,0.26,0.18,0.0,1.14,46.15,23.077,46.27,1.76,0.7,41.04,0.2,3,0.62,0.88,2.64,2.73,58.06
C. Tizón,Juan Pablo II College,LW,LAMF,LWF,29,300000,35,2840,Uruguay,Uruguay,izquierdo,175,70,29.31,2.73,0.38,0.37,0.0,2.76,42.53,13.793,31.02,2.63,1.3,21.93,0.19,5,0.1,0.44,0.6,1.55,34.69
E. Villar,Juan Pablo II College,CF,,,25,300000,41,2899,Uruguay,Uruguay,derecho,176,76,25.0,3.41,0.5,0.42,0.06,2.27,47.95,21.918,34.72,4.63,1.52,16.8,0.22,6,0.16,0.68,1.12,3.23,54.81
J. Vidales,Melgar,CF,LW,,33,300000,31,2351,Peru,Peru,derecho,180,74,43.48,4.28,0.54,0.4,0.12,2.32,55.17,24.138,33.46,3.64,0.56,25.4,0.11,2,0.24,0.56,0.6,4.16,49.04
T. Sandoval,Atlético Grau,CF,,,26,300000,32,2097,Argentina,Argentina,derecho,185,71,39.35,1.5,0.26,0.34,0.04,1.93,31.11,13.333,27.56,3.48,1.37,13.73,0.17,5,0.09,0.52,0.9,0.94,54.55
G. Larios,Alianza Atlético,RW,CF,LAMF,23,300000,25,1191,Chile,"Chile, Peru",derecho,178,73,27.72,1.1,0.23,0.2,0.0,1.41,44.44,16.667,26.0,2.43,1.02,14.59,0.03,1,0.0,0.31,0.86,0.94,41.67
M. de Jesús,Sport Huancayo,CF,,,33,300000,30,2069,Ecuador,Ecuador,derecho,188,81,35.59,2.44,0.43,0.43,0.0,2.57,47.46,16.949,27.71,3.78,1.0,13.44,0.03,1,0.04,0.13,0.7,2.22,50.98
I. Camargo,Los Chankas,CF,,,25,300000,25,1092,Colombia,Colombia,derecho,176,69,19.35,1.81,0.49,0.45,0.0,2.31,46.43,21.429,25.0,2.88,0.49,12.69,0.02,0,0.0,0.25,0.41,1.57,42.11
O. Takeuchi,Los Chankas,RB,LW,,30,300000,29,1649,Peru,"Peru, Japan",derecho,181,78,57.5,2.18,0.22,0.07,0.05,1.26,39.13,17.391,42.42,1.75,0.76,21.56,0.03,0,0.05,0.11,0.38,2.02,62.16
G. Ritacco,Deportivo Pasto,AMF,LW,RW,32,300000,22,1161,Argentina,Argentina,derecho,175,0,9.09,2.48,0.08,0.07,0.0,1.32,47.06,5.882,32.31,1.01,1.55,29.46,0.16,5,0.16,0.16,0.31,2.48,50.0
I. Ávila,Sporting Cristal,CF,,,35,300000,34,1653,Peru,Peru,derecho,170,70,37.36,1.42,0.44,0.31,0.11,1.74,43.75,25.0,23.77,3.43,1.25,21.78,0.1,2,0.27,0.22,1.14,0.71,46.15
P. da Silva,Cusco,LAMF,RAMF,LW,27,300000,27,1493,United States,"United States, Brazil",izquierdo,175,66,46.51,4.46,0.06,0.15,0.06,1.51,32.0,4.0,42.03,2.11,2.05,26.89,0.09,0,0.06,0.24,0.6,4.94,53.66
J. Pereyra Diaz,Bengaluru,CF,LWF,,34,375000,18,1166,Argentina,Argentina,derecho,179,71,27.03,3.09,0.23,0.18,0.0,1.78,30.43,13.043,34.9,4.48,1.16,19.68,0.21,3,0.23,0.69,1.62,3.01,56.41
A. Vuletich,UTA Arad,CF,,,33,200000,13,500,Argentina,"Argentina, Croatia",derecho,185,80,55.38,1.26,0.36,0.28,0.18,1.8,50.0,20.0,21.21,2.88,1.08,18.54,0.0,0,0.0,0.0,0.72,0.72,50.0
J. Lescano,Bashundhara Kings,LW,LWF,LCMF,32,200000,12,861,Argentina,Argentina,derecho,188,78,41.67,1.15,0.21,0.41,0.0,1.88,27.78,11.111,33.72,1.57,2.51,20.28,0.04,0,0.31,0.31,0.63,1.57,33.33
E. Ávila,Real Betis,CF,RAMF,RW,31,3000000,32,1613,Argentina,"Argentina, Spain",izquierdo,172,81,34.0,3.57,0.22,0.26,0.0,1.9,58.82,11.765,45.03,3.24,1.95,29.8,0.28,1,0.11,0.61,0.95,2.68,56.25
F. Cervi,Celta de Vigo,LWB,LB,RW,30,1500000,11,598,Argentina,"Argentina, Italy",izquierdo,166,62,23.08,1.05,0.0,0.0,0.0,0.15,0.0,0.0,23.08,0.3,0.3,40.48,0.05,0,0.0,0.3,1.05,0.75,60.0
N. Stefanelli,,CF,LW,,30,1000000,35,2186,Argentina,"Argentina, Italy",derecho,166,71,21.74,3.5,0.12,0.2,0.0,2.47,26.67,5.0,44.84,3.83,2.35,23.1,0.13,2,0.45,0.49,1.44,4.49,49.54
J. Kaprof,Quilmes,CF,AMF,LCMF,30,300000,16,666,Argentina,"Argentina, Italy",derecho,169,71,27.27,1.62,0.14,0.4,0.0,1.76,23.08,7.692,31.15,3.65,1.35,27.43,0.15,2,0.14,0.68,1.22,1.22,55.56
E. Vidal,Punjab,RAMF,AMF,RW,29,250000,24,1934,Argentina,Argentina,izquierdo,168,68,26.92,3.21,0.33,0.23,0.0,2.51,33.33,12.963,39.11,2.05,1.16,30.25,0.22,3,0.88,0.56,1.54,2.56,41.82
M. Tissera,Huracán,CF,,,28,1700000,24,823,Argentina,Argentina,derecho,173,70,26.67,2.19,0.33,0.37,0.11,1.75,56.25,18.75,23.08,3.17,0.33,11.92,0.08,1,0.0,0.22,0.66,2.52,34.78
N. Leiva,Maccabi Haifa,LW,LWB,,28,1000000,22,1496,Argentina,"Argentina, Spain",derecho,172,70,45.0,3.31,0.12,0.15,0.0,2.17,25.0,5.556,38.04,1.99,1.68,40.37,0.17,2,0.36,0.3,1.44,4.15,44.93
M. López,Kecskeméti TE,CF,,,27,300000,30,2145,Argentina,Argentina,derecho,181,75,32.5,1.68,0.34,0.36,0.04,2.18,40.38,15.385,20.33,3.9,1.01,18.59,0.06,3,0.0,0.21,0.84,1.09,34.62
E. López,Botoşani,CF,,,27,550000,33,1778,Argentina,Argentina,derecho,178,76,27.08,1.21,0.35,0.34,0.05,1.67,39.39,21.212,21.6,2.94,0.91,13.36,0.05,0,0.05,0.2,0.56,1.06,33.33
Franchu,Karmiotissa,LCMF,LW,,26,275000,23,1316,Argentina,"Argentina, Spain",derecho,172,69,16.67,3.08,0.07,0.12,0.0,1.44,23.81,4.762,39.61,2.05,1.91,24.14,0.19,2,0.14,0.27,1.03,4.79,42.86
A. Gaich,Antalyaspor,CF,,,26,1700000,34,1511,Argentina,"Argentina, Italy",derecho,190,94,33.71,1.91,0.48,0.43,0.0,2.03,58.82,23.529,35.06,2.62,1.73,12.57,0.03,0,0.0,0.24,0.36,1.67,39.29
A. Pop,Dinamo Bucureşti,LWF,CF,LW,25,1200000,40,2267,Argentina,"Argentina, Romania",derecho,178,66,44.54,1.71,0.16,0.21,0.0,1.43,38.89,11.111,29.78,2.82,1.03,18.34,0.08,0,0.0,0.2,0.64,1.19,63.33
A. Gómez,Mohammedan,LCMF,AMF,CF,25,250000,21,1923,Argentina,Argentina,izquierdo,170,65,20.0,4.77,0.05,0.17,0.0,3.65,26.92,1.282,46.64,1.5,1.22,37.82,0.11,1,0.23,0.51,1.36,4.63,61.62
Juan Cruz,Leganés,RW,RAMF,LB,25,1500000,39,2857,Argentina,"Argentina, Spain",izquierdo,177,72,36.59,4.22,0.25,0.19,0.0,1.39,47.73,18.182,38.28,1.54,0.79,25.08,0.13,5,0.19,0.35,0.76,4.85,49.35
S. Godoy,Beroe,CF,,,24,300000,31,3024,Argentina,Argentina,derecho,182,69,19.81,2.47,0.51,0.49,0.09,3.48,41.88,14.53,26.1,4.4,1.49,13.13,0.05,0,0.18,0.12,0.6,2.26,36.84
S. Pierotti,Lecce,RW,RAMF,RWF,24,2500000,38,2161,Argentina,"Argentina, Italy",derecho,189,83,41.67,2.04,0.17,0.16,0.04,1.33,25.0,12.5,30.23,2.54,0.58,16.95,0.08,1,0.12,0.37,0.54,2.96,46.48
G. Simeone,Atlético Madrid,RW,,,22,3000000,55,3513,Argentina,"Argentina, Spain",derecho,173,75,35.29,2.61,0.15,0.13,0.03,1.08,40.48,14.286,43.4,4.12,1.64,34.74,0.15,8,0.1,0.61,1.23,3.15,51.22
Y. Guzmán,Tolima,AMF,CF,,26,2600000,35,3178,Colombia,Colombia,derecho,170,61,17.65,2.63,0.37,0.36,0.03,2.49,43.18,14.773,41.04,2.04,1.39,54.91,0.21,7,0.99,0.57,1.9,1.44,50.98
J. Quintero,América de Cali,AMF,CF,RWF,32,2500000,43,3125,Colombia,Colombia,izquierdo,168,70,37.5,3.44,0.23,0.23,0.0,3.24,31.53,7.207,42.5,1.52,0.7,53.5,0.2,7,0.87,0.67,3.15,3.15,50.0
M. Hinestroza,Atlético Nacional,RAMF,RW,,23,2500000,55,4134,Colombia,Colombia,izquierdo,172,73,28.95,4.59,0.13,0.14,0.0,1.65,31.58,7.895,41.18,2.92,1.76,26.67,0.15,11,0.15,0.74,1.33,5.66,52.69
D. Caicedo,Junior,LW,LAMF,,25,2400000,19,731,Colombia,Colombia,derecho,166,65,28.57,2.22,0.0,0.11,0.0,1.72,14.29,0.0,35.71,3.57,1.11,27.46,0.14,1,0.25,0.12,0.86,4.56,35.14
J. Enamorado,Junior,RAMF,RW,,26,2400000,48,2823,Colombia,Colombia,derecho,170,59,14.29,4.43,0.06,0.09,0.0,1.21,28.95,5.263,38.3,2.45,1.75,26.59,0.1,4,0.38,0.51,1.12,5.52,47.4
D. Ruiz,Millonarios,RAMF,RW,AMF,24,2000000,42,2582,Colombia,Colombia,izquierdo,171,69,23.53,3.73,0.14,0.2,0.0,2.75,34.18,5.063,41.52,1.57,1.32,41.93,0.17,4,0.59,0.56,1.5,3.83,43.64
D. Vergara,Racing Club,LAMF,LW,LWF,28,1800000,57,4908,Colombia,Colombia,derecho,177,68,25.0,4.88,0.37,0.29,0.0,2.81,45.75,13.072,44.0,1.87,2.38,29.58,0.15,4,0.37,0.4,1.17,5.37,52.56
F. Batista,Atlético Nacional,CF,,,26,1800000,38,2147,Uruguay,Uruguay,derecho,182,75,37.75,2.14,0.67,0.61,0.08,2.68,54.69,25.0,26.35,4.95,0.92,9.56,0.1,3,0.04,0.29,0.84,1.13,44.44
C. Barrios,América de Cali,RAMF,RW,RWF,27,1400000,49,4029,Colombia,Colombia,derecho,166,65,22.41,2.32,0.11,0.19,0.0,1.23,34.55,9.091,37.92,2.64,2.06,24.64,0.1,6,0.29,0.42,1.7,3.08,47.83
L. Castro,Millonarios,CF,,,33,1200000,31,2392,Colombia,Colombia,derecho,180,80,33.33,2.86,0.53,0.42,0.15,2.3,54.1,22.951,40.0,2.45,1.39,17.53,0.05,0,0.23,0.23,0.6,2.26,60.0
B. Léon,Medellín,CF,,,24,1200000,40,3140,Colombia,Colombia,derecho,175,68,25.98,3.15,0.23,0.36,0.0,2.75,37.5,8.333,34.29,3.61,1.35,16.42,0.09,5,0.26,0.4,1.26,2.67,56.99
J. González,Tolima,RAMF,RW,RWF,23,1200000,43,2256,Colombia,Colombia,derecho,172,67,28.57,3.11,0.16,0.17,0.0,1.24,48.39,12.903,36.33,2.99,1.91,19.91,0.07,3,0.0,0.36,0.64,3.19,56.25
D. Asprilla,Atlético Nacional,RAMF,RW,LAMF,33,1200000,59,3160,Colombia,Colombia,derecho,180,75,49.63,1.88,0.23,0.23,0.03,1.57,36.36,14.545,31.77,2.25,1.22,21.28,0.05,3,0.09,0.28,0.51,2.28,47.5
F. Fydriszewski,Medellín,CF,,,32,1200000,28,1712,Argentina,"Argentina, Poland",ambidiestro,185,83,41.33,1.52,0.26,0.37,0.05,2.37,42.22,11.111,32.63,2.84,1.0,14.46,0.05,1,0.16,0.42,0.79,0.63,58.33
G. Paiva,Junior,CF,AMF,,27,1000000,42,2598,Paraguay,Paraguay,derecho,181,75,42.19,1.56,0.28,0.32,0.1,2.15,32.26,12.903,25.82,3.46,0.87,28.3,0.1,1,0.42,0.59,1.42,1.63,42.55
O. Fernández,Santa Fe,LAMF,LW,CF,32,1000000,38,2914,Colombia,Colombia,izquierdo,165,72,13.33,1.85,0.06,0.11,0.0,1.02,30.3,6.061,37.33,2.04,0.83,30.85,0.13,5,0.15,0.53,1.14,1.76,42.11
Jesus Rivas,Junior,LCMF,LDMF,CF,28,1000000,33,2762,Colombia,Colombia,derecho,175,70,35.09,1.86,0.16,0.11,0.03,1.99,27.87,8.197,36.93,1.6,1.17,35.84,0.05,0,0.23,0.2,0.81,2.02,50.0
A. Piedrahita,Gimnasia La Plata,RAMF,LAMF,RW,22,900000,29,2099,Colombia,Colombia,derecho,177,78,15.38,3.56,0.17,0.13,0.0,1.72,30.0,10.0,37.9,2.74,0.81,28.08,0.09,1,0.3,0.34,0.56,3.56,53.01
E. Batalla,Juventude,RW,LW,LAMF,24,900000,41,2667,Colombia,Colombia,izquierdo,171,72,20.0,4.69,0.27,0.17,0.03,1.82,55.56,14.815,45.62,1.82,1.79,22.04,0.13,2,0.4,0.4,0.47,4.66,51.45
M. García,Medellín,RWB,CF,RWF,26,900000,44,2641,Colombia,Colombia,derecho,180,66,34.92,2.18,0.2,0.24,0.03,1.4,34.15,14.634,42.16,4.29,1.19,26.34,0.14,5,0.14,0.58,1.26,2.01,47.46
F. Salazar,Junior,RWF,RAMF,RW,30,900000,37,3113,Colombia,Colombia,derecho,178,76,40.74,3.73,0.0,0.07,0.0,1.85,32.81,0.0,41.64,1.5,1.94,37.84,0.22,4,0.23,0.46,1.24,2.17,58.67
Marcus Vinicius,Medellín,CF,LW,LWF,28,800000,24,815,Brazil,Brazil,derecho,188,82,11.76,2.98,0.22,0.35,0.11,2.76,32.0,8.0,42.71,1.77,2.43,29.26,0.05,1,0.0,0.33,0.88,3.31,60.0
R. Falcao,,CF,,,39,800000,26,1524,Colombia,"Colombia, Venezuela",derecho,177,72,25.58,2.01,0.65,0.48,0.24,2.72,41.3,23.913,32.05,2.89,1.71,16.89,0.06,0,0.18,0.24,0.47,1.59,51.85
R. Holgado,América de Cali,CF,,,30,800000,45,3144,Argentina,Argentina,derecho,179,79,38.62,1.75,0.29,0.41,0.06,2.06,37.5,13.889,25.88,3.98,1.23,19.04,0.08,4,0.03,0.34,0.77,2.0,42.86
Jhon Vásquez,Atlético Bucaramanga,CF,RAMF,RW,30,800000,45,2111,Colombia,Colombia,derecho,176,78,43.42,5.16,0.13,0.17,0.04,1.15,22.22,11.111,43.88,2.3,1.88,24.13,0.14,0,0.21,0.47,0.81,5.93,57.55
D. Mosquera,Hellas Verona,CF,,,25,700000,39,1878,Colombia,Colombia,derecho,180,65,37.67,2.2,0.34,0.49,0.05,3.02,31.75,11.111,30.37,3.55,1.05,16.58,0.02,1,0.1,0.14,0.48,2.2,54.35
G. Lencina,Tolima,CF,,,27,700000,33,2591,Argentina,Argentina,derecho,178,74,25.58,1.95,0.38,0.45,0.03,2.43,44.29,15.714,32.6,3.33,1.53,12.89,0.09,4,0.03,0.28,0.56,1.46,42.86
A. Ponce,Academia Puerto Cabello,CF,,,28,700000,39,2375,Venezuela,"Venezuela, Colombia",derecho,182,80,22.03,0.91,0.15,0.28,0.0,2.08,27.27,7.273,15.54,3.52,0.91,13.41,0.06,1,0.04,0.19,0.57,0.61,31.25
Renan Oliveira,Sarajevo,CF,,,28,700000,29,1725,Brazil,Brazil,izquierdo,186,88,33.96,1.88,0.26,0.38,0.1,2.87,30.91,9.091,34.74,4.17,0.57,16.7,0.07,3,0.16,0.31,0.68,1.1,71.43
J. Barrera,,CF,RAMF,AMF,29,700000,35,2741,Colombia,Colombia,izquierdo,172,75,31.82,3.05,0.03,0.09,0.03,1.94,25.42,1.695,40.87,1.44,2.1,42.36,0.12,5,0.39,0.43,1.48,3.28,50.0
J. Córdoba,Instituto,RAMF,RW,,25,700000,45,2566,Colombia,Colombia,derecho,183,77,34.38,3.61,0.21,0.16,0.04,1.37,43.59,15.385,40.0,3.05,1.12,20.38,0.08,3,0.18,0.56,0.6,3.82,55.05
A. Sarmiento,Atlético Nacional,LAMF,LW,,27,700000,54,3207,Colombia,Colombia,derecho,176,60,58.06,2.33,0.25,0.23,0.0,1.82,40.0,13.846,33.83,2.33,1.63,22.51,0.08,7,0.17,0.42,0.93,2.86,42.16
R. Hinojosa,Unión Magdalena,AMF,RAMF,RW,26,700000,21,1094,Colombia,Colombia,izquierdo,170,65,27.27,2.47,0.0,0.06,0.0,1.15,42.86,0.0,43.17,0.41,3.21,37.43,0.08,0,0.41,0.25,1.73,2.47,60.0
D. Quiñónes,Once Caldas,RW,RWF,CF,29,700000,28,1548,Colombia,Colombia,izquierdo,171,73,47.83,4.24,0.12,0.16,0.0,1.51,38.46,7.692,47.1,2.27,2.5,30.99,0.12,2,0.17,0.52,1.63,4.94,64.71
B. Gil,Baltika,CF,,,24,700000,25,1801,Colombia,"Colombia, El Salvador",derecho,185,78,31.16,2.13,0.5,0.61,0.16,3.33,45.31,14.063,24.82,4.32,0.52,15.71,0.05,1,0.0,0.16,0.57,1.35,46.15
Á. Castro,Millonarios,LW,LAMF,RAMF,31,700000,44,3170,Colombia,Colombia,izquierdo,170,62,23.91,3.55,0.06,0.06,0.0,0.99,20.0,5.714,34.86,2.07,0.99,39.66,0.12,6,0.14,0.51,1.08,4.03,46.48
S. Giordana,Millonarios,CF,AMF,,30,700000,35,1201,Argentina,Argentina,derecho,177,73,29.79,2.17,0.22,0.28,0.07,2.17,41.38,10.345,34.78,3.07,1.42,15.96,0.02,1,0.22,0.22,0.45,2.02,40.74
K. Perez,Tolima,LAMF,LW,RAMF,28,650000,47,2628,Colombia,Colombia,derecho,170,69,42.31,3.25,0.14,0.12,0.03,1.4,31.71,9.756,33.66,1.88,1.27,32.67,0.12,3,0.24,0.48,1.1,4.25,49.19
A. Parra,Tolima,CF,LAMF,,28,600000,35,2152,Colombia,Colombia,derecho,179,75,25.0,1.51,0.25,0.28,0.04,1.55,32.43,16.216,31.71,3.09,1.13,24.59,0.11,3,0.33,0.42,1.21,0.96,60.87
J. Blanco,Técnico Universitario,CF,,,33,600000,28,2083,Colombia,Colombia,derecho,181,69,45.99,1.04,0.22,0.35,0.0,1.69,43.59,12.821,19.47,3.33,0.6,17.37,0.05,0,0.09,0.13,0.86,0.39,44.44
L. Sandoval,Medellín,CF,LWF,,26,600000,50,3830,Colombia,Colombia,derecho,183,78,32.39,2.26,0.16,0.21,0.0,1.79,35.53,9.211,35.92,3.5,1.15,30.81,0.13,5,0.52,0.59,1.67,1.88,48.75
S. Lucumí,Alajuelense,CF,RAMF,RW,30,600000,44,3180,Colombia,Colombia,derecho,178,74,41.28,3.14,0.08,0.15,0.0,1.47,25.0,5.769,39.87,2.92,1.81,32.72,0.1,1,0.34,0.4,1.47,3.62,60.16
M. Barrios,Once Caldas,LAMF,LW,RW,34,600000,52,4404,Colombia,Colombia,derecho,163,60,25.51,3.09,0.25,0.18,0.04,1.88,43.48,13.043,36.51,2.66,0.76,19.27,0.13,5,0.16,0.55,1.1,3.64,42.7
D. Mantilla,Deportivo Cali,LAMF,LW,RW,28,600000,24,1365,Colombia,Colombia,derecho,173,70,44.44,2.04,0.13,0.1,0.07,0.66,40.0,20.0,36.63,3.23,0.79,24.66,0.15,4,0.0,0.59,0.92,2.44,51.35
N. Rodríguez,Orlando City,RAMF,RW,,21,550000,28,1894,Colombia,Colombia,izquierdo,171,56,40.54,4.28,0.24,0.18,0.05,2.09,25.0,11.364,46.58,0.81,1.9,34.59,0.17,4,0.29,0.38,1.24,5.32,54.46
W. Hurtado,Envigado,AMF,CF,,21,550000,19,704,Colombia,Colombia,,170,64,9.09,4.09,0.0,0.08,0.0,1.92,26.67,0.0,34.07,1.28,0.89,33.49,0.18,0,0.51,0.89,0.89,3.58,64.29
E. Valencia,Tolima,LAMF,RW,RAMF,28,550000,26,1029,Colombia,Colombia,izquierdo,175,73,33.33,5.51,0.09,0.18,0.0,1.49,23.53,5.882,47.06,2.8,1.31,37.61,0.08,1,0.35,0.7,1.22,5.34,68.85
E. López,Santa Fe,CF,LWF,LW,30,500000,41,2587,Colombia,Colombia,derecho,179,77,42.11,2.12,0.1,0.07,0.0,1.01,41.38,10.345,30.66,2.16,1.01,23.41,0.07,3,0.03,0.38,0.59,2.64,39.47
A. Estacio,Deportivo Pereira,RAMF,LWF,RW,27,500000,19,943,Colombia,Colombia,izquierdo,178,78,30.43,3.44,0.0,0.15,0.0,2.86,36.67,0.0,44.58,1.53,2.0,19.95,0.05,0,0.1,0.29,0.57,2.77,62.07
F. Boné,Deportivo Pasto,RW,LW,CF,29,500000,25,1572,Uruguay,"Uruguay, Italy",izquierdo,176,67,32.14,2.0,0.29,0.23,0.11,1.32,39.13,21.739,42.11,1.26,2.58,18.55,0.1,2,0.34,0.23,0.86,2.63,41.3
D. Camacho,Deportivo Pasto,RW,RWF,RAMF,28,500000,27,1670,Colombia,Colombia,derecho,178,72,37.84,1.72,0.11,0.18,0.0,1.24,43.48,8.696,32.35,2.59,0.7,27.7,0.08,0,0.27,0.43,1.02,1.13,47.62
Y. González,Águilas Doradas,CF,AMF,,31,500000,29,2185,Colombia,Colombia,derecho,184,81,40.95,3.13,0.25,0.26,0.12,2.1,41.18,11.765,40.35,3.75,1.89,23.19,0.08,1,0.04,0.08,0.82,3.5,51.76
J. Caballero,Águilas Doradas,LAMF,LW,LWF,27,500000,31,2095,Colombia,Colombia,derecho,185,72,32.5,2.79,0.13,0.17,0.0,1.55,44.44,8.333,40.61,1.89,1.37,33.55,0.15,3,0.13,0.34,1.29,2.02,63.83
B. Castrillón,Junior,LAMF,LW,,26,500000,40,2271,Colombia,Colombia,derecho,173,67,18.18,3.37,0.24,0.16,0.0,2.02,37.25,11.765,41.21,2.89,1.11,28.93,0.2,5,0.16,0.52,1.15,3.88,44.9
Y. Chará,Junior,AMF,LAMF,RW,34,500000,53,4364,Colombia,Colombia,derecho,168,65,36.17,1.88,0.08,0.08,0.02,0.85,41.46,9.756,41.67,2.04,1.67,43.23,0.13,6,0.29,0.58,1.3,1.65,52.5
E. Sosa,Tolima,AMF,CF,,28,450000,11,556,Venezuela,Venezuela,derecho,173,75,0.0,4.21,0.0,0.11,0.0,2.27,42.86,0.0,56.25,0.97,4.21,34.96,0.29,2,1.13,0.49,0.97,3.72,73.91
L. Ríos,Cúcuta Deportivo,AMF,RCMF,CF,27,450000,28,1411,Argentina,Argentina,derecho,176,75,40.0,3.95,0.0,0.09,0.0,2.23,11.43,0.0,48.85,1.98,1.53,37.44,0.19,5,0.96,0.45,1.53,4.4,63.77
S. Támara,Cúcuta Deportivo,RCMF,CF,,29,450000,24,1483,Colombia,Colombia,derecho,173,69,42.31,1.27,0.06,0.06,0.0,0.97,18.75,6.25,38.67,0.79,1.09,39.57,0.23,4,0.42,0.42,0.73,0.49,37.5
C. Torres,Envigado,RAMF,CF,LW,22,450000,16,877,Colombia,Colombia,,0,0,25.0,3.28,0.21,0.12,0.0,1.03,30.0,20.0,35.92,1.44,3.28,13.55,0.03,1,0.21,0.21,0.51,5.13,46.0
K. Osorio,Deportivo Pereira,LDMF,LW,LCMF,31,450000,34,2418,Colombia,Colombia,izquierdo,181,74,50.72,1.23,0.04,0.07,0.0,0.82,31.82,4.545,55.26,0.89,1.0,33.24,0.06,1,0.26,0.15,0.71,0.71,73.68
H. Mosquera,Santa Fe,CF,AMF,LAMF,30,450000,44,3022,Colombia,Colombia,derecho,172,70,33.68,6.02,0.24,0.26,0.06,2.92,35.71,8.163,39.01,3.48,1.1,26.8,0.18,6,0.24,0.74,0.89,5.42,62.09
E. Mena,Medellín,RB,RW,LB,27,450000,41,3214,Colombia,Colombia,derecho,178,63,40.95,3.5,0.03,0.07,0.0,1.06,36.84,2.632,41.32,2.3,0.64,30.77,0.12,4,0.06,0.56,0.95,2.97,59.43
S. Rodríguez,Junior,CF,AMF,,26,450000,49,2059,Colombia,Colombia,derecho,177,72,38.0,1.97,0.57,0.61,0.0,2.67,36.07,21.311,33.14,3.15,1.53,14.42,0.02,0,0.17,0.0,0.66,2.05,44.68
F. Castañeda,Banfield,RAMF,LW,RW,31,450000,44,2265,Colombia,Colombia,derecho,172,70,34.88,3.81,0.32,0.26,0.0,1.99,44.0,16.0,41.7,2.34,2.07,31.79,0.14,6,0.24,0.44,0.95,3.02,52.63
K. Londoño,Atlético Bucaramanga,CF,LAMF,RW,31,450000,54,4698,Colombia,Colombia,derecho,180,72,30.72,2.32,0.11,0.17,0.04,1.55,39.51,7.407,32.06,2.09,0.52,30.77,0.09,6,0.13,0.29,0.59,1.36,60.56
F. Castillo,Deportivo Cali,LAMF,LW,CF,33,450000,15,692,Colombia,Colombia,derecho,171,70,16.67,3.64,0.0,0.03,0.0,0.91,28.57,0.0,38.46,1.56,1.04,34.21,0.08,1,0.78,0.52,1.04,4.29,60.61
D. Moreno,Amed SK,CF,LW,,30,400000,45,4056,Colombia,Colombia,derecho,179,78,32.53,3.37,0.55,0.52,0.02,3.14,38.41,18.116,37.05,3.53,1.12,18.85,0.06,3,0.05,0.34,0.57,2.53,60.36
F. López,Unión La Calera,CF,AMF,,32,400000,23,817,Uruguay,Uruguay,derecho,172,71,21.67,1.21,0.11,0.22,0.0,1.76,31.25,6.25,35.62,3.08,1.21,18.4,0.03,1,0.0,0.33,0.44,1.43,46.15
O. Acosta,Real Cartagena,LB,LCMF,LW,25,400000,26,1760,Colombia,Colombia,izquierdo,178,67,56.52,1.89,0.1,0.1,0.0,0.97,52.63,10.526,38.3,0.56,0.66,30.22,0.07,1,0.05,0.26,0.2,0.77,60.0
C. Bacca,Junior,CF,,,38,400000,44,3003,Colombia,Colombia,derecho,181,77,46.27,1.2,0.36,0.39,0.12,1.77,44.07,20.339,26.51,2.4,0.18,11.03,0.05,4,0.21,0.36,0.72,0.81,29.63
A. Rentería,Jaguares de Córdoba,CF,,,32,400000,33,2339,Colombia,"Colombia, Mexico",derecho,179,82,32.98,2.5,0.65,0.48,0.08,2.5,46.15,26.154,43.21,3.5,1.42,12.58,0.05,2,0.08,0.15,0.62,1.65,69.77
W. Cruz,Cúcuta Deportivo,CF,RW,,32,400000,36,2497,Colombia,Colombia,derecho,171,62,39.38,1.19,0.07,0.17,0.04,1.33,29.73,5.405,32.51,1.69,1.41,13.8,0.04,2,0.04,0.11,0.47,1.01,60.71
B. Garcés,Envigado,CF,,,32,400000,40,2364,Colombia,Colombia,derecho,174,70,23.08,0.84,0.19,0.22,0.0,1.68,29.55,11.364,29.01,2.21,0.84,10.81,0.04,2,0.11,0.15,0.49,0.99,30.77
Y. Cabrera,Deportivo Pereira,AMF,CF,,34,400000,27,1352,Colombia,Colombia,derecho,168,62,23.53,1.6,0.2,0.11,0.0,0.93,57.14,21.429,31.65,1.0,1.0,45.6,0.13,0,0.87,0.2,1.26,0.87,53.85
M. Martínez,Unión Magdalena,CF,,,27,400000,30,1691,Colombia,Colombia,derecho,175,70,37.97,1.7,0.21,0.3,0.05,1.76,45.45,12.121,37.5,2.71,2.08,13.57,0.05,1,0.21,0.21,0.43,1.54,51.72
R. Murillo,Primorje,CF,,,23,400000,24,780,Colombia,Colombia,derecho,183,76,44.12,2.08,0.69,0.46,0.12,3.0,50.0,23.077,28.77,4.04,1.85,16.62,0.01,0,0.0,0.0,0.46,2.08,27.78
C. Cortes,Llaneros,CF,,,23,400000,23,1111,Colombia,Colombia,derecho,186,0,41.77,0.73,0.16,0.19,0.16,0.97,50.0,16.667,24.14,2.35,1.62,14.01,0.05,1,0.0,0.16,0.41,1.3,18.75
L. Miranda,Llaneros,RAMF,RW,LW,27,400000,35,1306,Colombia,Colombia,derecho,180,64,43.14,2.21,0.07,0.06,0.0,0.83,25.0,8.333,34.31,1.58,1.38,23.5,0.07,1,0.0,0.21,0.14,2.21,50.0
E. Mosquera,Millonarios,LAMF,LW,RAMF,24,400000,21,778,Colombia,Colombia,derecho,172,68,12.5,8.56,0.23,0.19,0.0,2.31,30.0,10.0,56.56,4.05,1.85,31.47,0.15,0,0.35,0.93,1.5,8.56,71.62
L. Pons,Atlético Bucaramanga,CF,,,35,400000,35,2267,Argentina,Argentina,derecho,181,79,39.84,1.51,0.48,0.49,0.16,2.54,48.44,18.75,30.0,3.61,1.43,16.4,0.04,2,0.12,0.24,0.83,0.44,36.36
I. Anderson,Marathón,RB,RW,,27,375000,33,2498,Panama,Panama,derecho,175,68,54.39,3.82,0.04,0.1,0.0,1.04,34.48,3.448,47.32,1.91,1.19,29.0,0.12,5,0.07,0.58,0.72,3.46,62.5
C. Colmán,Nacional Asunción,CF,,,31,375000,27,1596,Paraguay,Paraguay,derecho,185,79,47.24,1.75,0.17,0.21,0.06,1.8,43.75,9.375,40.63,2.99,0.79,16.07,0.04,2,0.11,0.28,0.73,0.96,52.94
D. Silva,Millonarios,AMF,CF,LCMF,38,350000,42,3268,Colombia,Colombia,derecho,175,74,29.63,2.26,0.14,0.14,0.03,1.13,41.46,12.195,40.16,1.93,1.07,48.17,0.14,3,0.77,0.61,1.51,1.85,52.24
A. Torralvo,La Equidad,LW,LWF,LB,31,350000,24,1160,Colombia,Colombia,izquierdo,169,67,34.78,1.24,0.0,0.02,0.0,0.7,11.11,0.0,39.39,0.39,0.62,25.99,0.05,2,0.16,0.31,0.16,0.47,66.67
P. Rojas,Anzoátegui FC,LW,RW,CF,33,350000,26,2019,Colombia,Colombia,derecho,168,72,31.48,2.67,0.04,0.1,0.0,1.2,29.63,3.704,42.22,1.34,2.27,29.51,0.18,3,0.36,0.53,1.29,2.63,50.85
J. Cuesta,UCV,LAMF,LW,CF,23,350000,38,2413,Colombia,Colombia,derecho,172,71,37.65,2.8,0.22,0.19,0.04,1.94,44.23,11.538,42.92,2.28,1.86,26.03,0.09,4,0.07,0.26,0.52,2.76,52.7
E. Arango,Boyacá Chicó,RW,RAMF,,31,350000,15,1257,Colombia,Colombia,derecho,173,63,21.05,5.37,0.21,0.12,0.0,1.86,38.46,11.538,38.68,1.72,2.36,32.86,0.16,0,0.07,0.43,0.79,6.37,48.31
K. Valencia,Llaneros,CF,,,23,350000,29,1048,Colombia,Colombia,derecho,184,79,31.03,1.37,0.26,0.12,0.09,1.46,41.18,17.647,29.07,2.58,0.86,10.31,0.03,0,0.0,0.0,0.09,1.55,44.44
Y. Moreno,Real España,CF,,,28,350000,30,2146,Colombia,Colombia,derecho,188,84,36.27,1.59,0.21,0.22,0.04,2.01,33.33,10.417,27.84,2.77,1.13,11.78,0.05,4,0.0,0.21,0.34,1.59,47.37
A. Arroyo,Fortaleza,AMF,CF,,23,350000,32,1488,Colombia,Colombia,derecho,171,68,26.67,2.36,0.3,0.15,0.0,1.51,32.0,20.0,33.91,1.88,1.33,32.24,0.09,1,0.18,0.3,1.03,1.94,59.38
Y. Quiñones,Deportivo Pereira,LAMF,LW,RAMF,22,350000,33,2412,Colombia,Colombia,izquierdo,173,65,30.19,3.32,0.34,0.15,0.0,2.05,47.27,16.364,43.22,1.98,1.9,22.35,0.07,1,0.07,0.3,0.63,2.87,57.14
J. Contreras,Unión Magdalena,LAMF,LW,,26,350000,37,1287,Colombia,Colombia,izquierdo,170,64,10.0,2.03,0.07,0.13,0.0,0.91,38.46,7.692,45.74,3.99,2.24,18.74,0.09,0,0.07,0.28,0.91,2.45,54.29
R. Márquez,Unión Magdalena,CF,,,27,350000,17,1105,Colombia,Colombia,derecho,187,83,30.0,2.12,0.16,0.13,0.08,1.71,47.62,9.524,33.08,2.12,2.04,15.88,0.03,0,0.0,0.41,0.24,1.95,66.67
L. Sánchez,Once Caldas,CF,LCMF,RCMF,24,350000,24,1833,Colombia,Colombia,derecho,173,63,42.86,3.04,0.1,0.16,0.05,1.91,30.77,5.128,43.06,1.82,1.96,41.98,0.06,1,0.69,0.15,1.28,3.44,58.57
F. Sambueza,Atlético Bucaramanga,AMF,CF,LW,36,350000,39,3169,Argentina,Argentina,derecho,169,65,36.84,2.3,0.11,0.11,0.0,1.31,39.13,8.696,42.56,1.31,3.55,32.55,0.22,7,0.34,0.4,1.45,2.44,55.81
A. Estupiñán,Deportivo Cali,CF,LW,LAMF,31,350000,35,2535,Colombia,Colombia,derecho,175,75,31.36,2.66,0.32,0.32,0.14,1.63,47.83,19.565,46.36,2.49,3.91,24.6,0.05,1,0.0,0.28,0.53,2.73,54.55
Pipe Gómez,Once Caldas,LAMF,CF,LWF,25,325000,43,1977,Colombia,Colombia,derecho,173,68,31.82,4.23,0.23,0.22,0.0,3.6,29.11,6.329,40.89,2.0,1.09,29.64,0.09,1,0.27,0.18,0.73,3.87,63.53
D. Lemos,Águilas Doradas,LW,LWF,LAMF,29,300000,23,1008,Colombia,Colombia,izquierdo,178,72,42.11,2.14,0.0,0.17,0.0,1.07,50.0,0.0,31.34,1.61,0.89,19.46,0.05,1,0.45,0.18,0.54,1.88,47.62
R. Castillo,Deportivo Pereira,CF,,,33,300000,37,2075,Honduras,Honduras,derecho,183,76,40.16,1.17,0.52,0.54,0.0,2.6,38.33,20.0,33.33,2.6,1.6,10.19,0.03,1,0.0,0.13,0.39,0.39,22.22
D. Pabón,Envigado,CF,RW,,37,300000,19,1385,Colombia,Colombia,derecho,168,72,23.08,3.18,0.13,0.22,0.0,3.12,41.67,4.167,41.67,1.82,1.1,22.35,0.07,1,0.32,0.13,0.84,1.88,51.72
A. Andrade,Atlético Bucaramanga,LAMF,RAMF,LW,36,300000,17,948,Colombia,"Colombia, Mexico",derecho,183,73,25.0,3.99,0.0,0.1,0.0,1.33,28.57,0.0,43.97,1.71,0.76,34.65,0.22,1,0.28,0.66,1.42,4.56,62.5
W. Fernández,Alianza,AMF,CF,LCMF,27,300000,30,2008,Uruguay,Uruguay,izquierdo,182,77,48.24,1.88,0.04,0.12,0.0,1.21,33.33,3.704,34.94,1.21,0.94,31.91,0.05,1,0.27,0.13,0.45,1.39,67.74
J. Viveros,Jaguares de Córdoba,AMF,CF,LW,33,300000,31,2252,Colombia,Colombia,derecho,176,70,34.78,2.72,0.04,0.09,0.0,1.36,29.41,2.941,48.2,1.08,5.16,38.77,0.13,1,0.64,0.52,1.36,3.32,53.01
J. Lloreda,Deportes Quindío,CF,,,30,300000,26,1077,Colombia,Colombia,derecho,178,73,37.29,1.75,0.25,0.31,0.0,1.84,50.0,13.636,39.66,3.09,1.59,16.63,0.04,0,0.25,0.08,0.92,0.92,63.64
A. Plata,Águilas Doradas,RAMF,RW,LAMF,34,300000,24,1181,Colombia,Colombia,derecho,172,65,25.0,4.95,0.08,0.09,0.0,0.99,23.08,7.692,42.98,2.67,0.69,19.66,0.12,1,0.15,0.38,0.91,4.95,64.62
A. Ricaurte,Fortaleza,AMF,CF,RDMF,33,300000,31,1308,Colombia,Colombia,izquierdo,182,75,42.11,1.79,0.28,0.17,0.07,1.58,26.09,17.391,51.65,0.96,2.41,50.16,0.12,1,0.76,0.28,1.79,0.48,71.43
D. Quintero,Deportivo Pereira,CF,AMF,,37,300000,32,2624,Colombia,"Colombia, Mexico",derecho,166,59,29.51,3.64,0.24,0.27,0.03,2.02,40.68,11.864,33.33,2.47,1.13,30.63,0.14,5,0.72,0.62,2.06,4.7,47.45
G. Torres,Deportivo Pereira,CF,RW,LW,29,300000,42,2133,Colombia,Colombia,derecho,181,78,35.43,1.94,0.08,0.23,0.04,2.11,28.0,4.0,27.46,2.7,0.72,19.49,0.05,4,0.08,0.3,0.25,1.81,46.51
Á. Rodríguez,Santa Fe,CF,,,36,300000,32,1146,Colombia,Colombia,derecho,183,83,32.79,1.41,0.16,0.2,0.0,1.18,40.0,13.333,20.77,3.3,0.86,11.39,0.09,3,0.16,0.55,1.18,2.04,38.46
J. Valencia,Medellín,LAMF,CF,LW,25,300000,31,1540,Colombia,Colombia,izquierdo,188,80,35.21,3.27,0.18,0.17,0.0,1.69,37.93,10.345,37.43,2.81,0.88,26.01,0.07,2,0.12,0.35,0.64,3.45,47.46
E. Lastre,Unión Magdalena,RAMF,RW,RWF,25,300000,16,500,Ecuador,Ecuador,derecho,177,73,33.33,3.24,0.0,0.19,0.0,1.44,25.0,0.0,37.5,1.44,1.26,18.18,0.03,1,0.0,0.18,0.0,3.6,60.0
B. Urueña,Llaneros,LW,LAMF,LWF,32,300000,48,4428,Colombia,Colombia,derecho,175,77,26.92,3.66,0.06,0.06,0.0,0.83,39.02,7.317,40.45,1.06,1.52,44.82,0.25,12,0.3,0.77,1.57,2.93,50.69
J. Bolívar,La Equidad,CF,,,23,300000,22,1350,Venezuela,Venezuela,derecho,176,74,34.33,1.93,0.2,0.31,0.07,2.0,36.67,10.0,32.41,3.0,1.73,19.4,0.06,2,0.0,0.4,0.4,1.87,57.14
D. Fagúndez,Los Angeles Galaxy,LW,LAMF,LCMF,30,3000000,44,2777,Uruguay,"Uruguay, United States",derecho,171,57,12.0,1.33,0.16,0.07,0.0,0.91,25.0,17.857,31.93,1.52,0.68,45.05,0.07,2,0.23,0.19,1.78,1.26,41.03
A. Julio,Dallas,CF,RAMF,,29,3000000,33,2236,Ecuador,Ecuador,derecho,171,70,21.88,2.58,0.32,0.22,0.04,1.93,43.75,16.667,33.83,3.74,0.72,14.85,0.09,3,0.0,0.44,0.6,2.62,49.23
L. Suárez,Inter Miami,CF,,,38,3000000,46,4086,Uruguay,Uruguay,derecho,182,83,37.35,2.42,0.42,0.41,0.02,2.69,36.89,15.574,32.47,4.05,1.26,30.18,0.17,15,0.46,0.7,1.92,2.2,35.0
T. Chancalay,New England,CF,LWF,AMF,26,3000000,17,921,Argentina,Argentina,derecho,179,74,30.0,3.52,0.49,0.46,0.0,3.52,38.89,13.889,36.9,2.64,0.88,30.98,0.13,1,0.1,0.1,0.39,2.25,60.87
S. Moreno,Portland Timbers,RAMF,RW,,25,2500000,34,2793,Colombia,Colombia,derecho,173,67,40.63,4.29,0.16,0.2,0.0,2.22,36.23,7.246,39.64,2.64,1.51,38.25,0.16,6,0.61,0.64,1.45,4.83,56.0
N. Fernández Mercau,New York City,RCMF,AMF,CF,25,2500000,37,2968,Argentina,"Argentina, Spain",izquierdo,172,66,15.63,5.7,0.21,0.25,0.03,1.94,37.5,10.938,46.26,2.15,2.46,41.18,0.18,11,0.55,0.52,1.33,5.82,63.54
F. Fragapane,Unión Santa Fe,LW,LCMF,RW,32,2000000,33,1737,Argentina,"Argentina, Italy",derecho,167,66,25.81,1.81,0.05,0.14,0.0,0.83,31.25,6.25,35.59,2.07,1.35,36.27,0.16,2,0.16,0.57,1.55,1.66,40.63
R. Enrique,Orlando City,CF,,,24,2000000,40,2394,Argentina,Argentina,derecho,171,68,41.83,2.41,0.64,0.6,0.08,2.82,42.67,22.667,31.88,4.32,1.2,15.9,0.06,2,0.04,0.34,0.6,2.26,48.33
L. Muriel,Orlando City,CF,AMF,,34,2000000,42,2383,Colombia,Colombia,derecho,179,79,44.79,3.32,0.3,0.28,0.04,2.87,30.26,10.526,35.29,3.47,1.1,30.14,0.18,6,0.57,0.91,2.08,4.23,44.64
I. Angulo,Orlando City,LAMF,LW,,26,2000000,43,3296,Colombia,Colombia,derecho,179,70,19.23,3.03,0.05,0.12,0.0,1.12,29.27,4.878,42.67,3.03,0.98,32.22,0.13,7,0.11,0.41,2.13,3.66,58.96
F. Mora,Portland Timbers,CF,,,31,2000000,38,2398,Chile,Chile,derecho,175,76,34.68,1.46,0.3,0.41,0.08,1.8,47.92,16.667,34.78,3.42,1.73,17.45,0.11,4,0.04,0.34,0.75,0.79,57.14
J. Obrian,Austin FC,RW,RWF,LWF,30,2000000,35,1453,Colombia,Colombia,derecho,166,66,34.62,2.91,0.19,0.21,0.0,1.36,45.45,13.636,47.5,3.53,1.61,23.79,0.05,0,0.25,0.25,1.42,2.48,57.5
S. Ferreira,Olimpia,CF,,,27,1500000,21,764,Paraguay,Paraguay,derecho,180,76,35.56,1.65,0.59,0.49,0.35,2.12,61.11,27.778,21.54,3.42,0.94,16.26,0.01,0,0.12,0.12,0.35,1.06,33.33
N. Lodeiro,Nacional,AMF,RAMF,RW,36,1200000,34,1236,Uruguay,"Uruguay, United States",izquierdo,173,69,55.0,2.55,0.07,0.07,0.0,1.31,22.22,5.556,48.86,3.2,2.18,54.76,0.2,3,0.58,0.95,1.31,1.75,58.33
D. Rubio,Austin FC,CF,AMF,,32,1200000,30,1132,Chile,"Chile, Germany",derecho,179,77,37.93,1.67,0.08,0.21,0.08,2.15,18.52,3.704,37.23,2.86,1.75,27.91,0.07,2,0.16,0.64,1.19,1.35,35.29
N. Quiñones,Houston Dynamo,LW,LAMF,,22,1000000,6,531,Colombia,Colombia,derecho,175,67,80.0,4.07,0.0,0.13,0.0,2.2,46.15,0.0,41.54,4.07,0.85,32.37,0.08,0,0.34,0.51,1.69,5.59,45.45
T. Ángel,San Diego,CF,,,22,600000,35,2168,Colombia,"Colombia, England",izquierdo,174,69,18.37,1.79,0.25,0.28,0.04,1.99,39.58,12.5,31.58,2.78,0.5,15.19,0.05,2,0.25,0.37,0.79,1.2,55.17
M. Rodríguez,Ñublense,LW,LCMF,RW,30,500000,25,1513,Chile,Chile,derecho,170,65,32.0,3.69,0.18,0.13,0.0,1.01,23.53,17.647,35.9,1.31,1.25,44.26,0.11,3,0.36,0.54,1.01,5.12,50.0
M. Urruti,New England,CF,,,34,500000,20,803,Argentina,Argentina,derecho,184,73,36.84,2.02,0.22,0.21,0.11,2.47,40.91,9.091,59.26,3.7,1.57,14.57,0.04,0,0.22,0.0,0.34,1.34,66.67
H. Villalba,Peñarol,RW,CF,RAMF,30,2500000,24,966,Argentina,"Argentina, Paraguay",izquierdo,172,73,14.29,2.8,0.37,0.22,0.19,1.86,55.0,20.0,21.05,3.54,0.09,24.04,0.09,0,0.09,0.37,0.93,1.21,38.46
M. Gómez,Defensor Sporting,CF,,,28,2000000,14,1366,Uruguay,Uruguay,derecho,186,91,51.85,2.77,0.2,0.33,0.07,1.98,43.33,10.0,29.8,4.02,1.32,22.2,0.16,2,0.07,0.66,0.92,2.5,47.37
N. López,Nacional,CF,AMF,,31,2000000,44,3651,Uruguay,Uruguay,izquierdo,177,72,29.41,5.05,0.67,0.63,0.0,4.29,43.68,15.517,37.15,3.6,0.99,27.61,0.21,8,0.12,0.44,1.28,4.83,50.51
A. Medina,Everton,RW,LW,RWF,27,2000000,35,2815,Uruguay,Uruguay,derecho,170,71,29.73,3.42,0.19,0.13,0.0,1.79,33.93,10.714,41.07,1.57,0.86,34.4,0.19,6,0.16,0.38,1.18,3.1,57.73
T. Verón Lupi,Grasshopper,RW,RAMF,,24,1800000,30,1379,Argentina,"Argentina, Italy",derecho,173,66,31.58,7.64,0.2,0.26,0.0,2.55,33.33,7.692,50.25,3.52,1.89,27.67,0.33,4,0.07,0.91,1.11,7.05,69.44
A. Castro,Estudiantes,LCMF,LW,,30,1800000,33,1961,Argentina,Argentina,izquierdo,183,78,43.21,2.07,0.18,0.24,0.05,1.7,32.43,10.811,34.66,2.66,0.92,35.2,0.07,0,0.0,0.18,0.96,2.52,47.27
M. Silvera,Peñarol,CF,,,27,1500000,48,3910,Uruguay,Uruguay,derecho,176,68,29.91,1.73,0.3,0.33,0.0,2.21,35.42,13.542,26.95,4.37,1.15,19.84,0.13,3,0.12,0.37,0.97,1.8,43.59
J. Lavega,Fluminense,CF,RW,LW,20,1500000,20,1534,Uruguay,Uruguay,izquierdo,174,68,24.0,2.35,0.23,0.22,0.0,1.88,21.88,12.5,32.77,2.23,0.47,18.77,0.05,3,0.06,0.41,0.41,2.87,46.94
C. Ebere,Plaza Colonia,CF,,,27,1300000,22,1431,Nigeria,Nigeria,derecho,180,69,31.37,3.46,0.06,0.13,0.0,1.82,37.93,3.448,30.5,2.33,1.13,18.81,0.14,5,0.13,0.57,0.75,4.59,46.58
E. Darias,Peñarol,LCMF,LW,RW,27,1200000,30,2272,Uruguay,Uruguay,derecho,172,70,41.77,2.5,0.16,0.2,0.04,1.74,36.36,9.091,41.48,1.74,3.01,26.34,0.05,1,0.08,0.2,0.55,3.21,45.68
A. Ocampo,Plaza Colonia,LW,RW,LAMF,27,1200000,27,928,Uruguay,Uruguay,izquierdo,172,72,37.93,2.23,0.0,0.07,0.0,1.55,43.75,0.0,39.13,1.16,2.42,22.11,0.19,4,0.0,0.19,0.39,2.62,37.04
D. García,Peñarol,LAMF,LW,LCMF,28,1000000,43,2710,Uruguay,Uruguay,derecho,170,67,40.48,4.65,0.27,0.24,0.0,2.66,35.0,10.0,45.16,2.69,1.39,43.14,0.15,6,0.3,0.33,1.79,4.68,59.57
L. Sequeira,Huracán,CF,RAMF,RW,30,1000000,44,2202,Argentina,Argentina,derecho,177,80,41.09,2.74,0.12,0.26,0.08,1.92,42.55,6.383,29.76,3.39,1.35,18.15,0.04,0,0.08,0.29,0.41,3.72,39.56
A. Galeano,Ceará,RAMF,RW,RWF,25,1000000,55,3902,Paraguay,Paraguay,derecho,170,67,40.37,3.11,0.25,0.16,0.14,1.64,36.62,15.493,46.98,2.58,1.57,29.38,0.08,4,0.09,0.35,0.74,2.31,68.0
E. Vargas,,CF,,,35,1000000,43,2256,Chile,Chile,derecho,174,77,35.66,1.44,0.4,0.3,0.2,1.68,50.0,23.81,33.87,3.03,1.48,16.8,0.12,2,0.12,0.28,0.96,1.08,40.74
J. Báez,Peñarol,LW,LAMF,,30,900000,34,2262,Uruguay,"Uruguay, Italy",derecho,178,74,31.34,3.34,0.24,0.23,0.0,1.99,36.0,12.0,31.27,3.62,0.99,29.92,0.13,1,0.0,0.6,1.39,3.18,51.25
B. Barcia,Boston River,RW,RAMF,RCMF,24,800000,24,1541,Uruguay,Uruguay,derecho,182,76,38.71,3.39,0.12,0.06,0.0,0.64,27.27,18.182,32.35,1.46,0.76,26.69,0.08,0,0.06,0.35,0.64,5.49,43.62
Rómulo Otero,Nacional,RW,RAMF,LW,32,800000,50,2938,Venezuela,Venezuela,derecho,166,70,28.92,4.38,0.21,0.15,0.0,3.16,41.75,6.796,42.59,1.04,2.73,29.47,0.16,4,0.21,0.37,0.74,4.23,58.7
D. Herazo,Nacional,CF,,,29,750000,30,1498,Colombia,Colombia,derecho,180,81,33.62,1.32,0.48,0.34,0.06,2.4,32.5,20.0,27.06,3.54,0.72,10.09,0.16,4,0.0,0.42,0.66,0.84,50.0
Diego Zabala,Amazonas,LW,LWF,LAMF,33,750000,29,1583,Uruguay,Uruguay,derecho,171,66,28.13,3.07,0.17,0.21,0.06,1.76,41.94,9.677,31.13,2.62,0.45,30.19,0.25,4,0.28,0.51,1.82,2.9,45.1
C. Tabó,Rampla Juniors,LW,AMF,CF,31,700000,15,1130,Uruguay,Uruguay,derecho,174,73,32.14,3.03,0.08,0.25,0.0,1.99,20.0,4.0,31.52,2.95,1.19,26.04,0.16,0,0.0,0.32,0.72,4.62,39.66
M. Ocampo,Cerro,CF,RW,AMF,23,700000,18,1075,Uruguay,Uruguay,derecho,180,75,27.27,2.6,0.0,0.18,0.0,1.42,29.41,0.0,35.61,3.01,1.42,18.59,0.0,0,0.17,0.0,0.5,3.85,50.0
J. Cabrera,Peñarol,RW,RAMF,,33,700000,38,2541,Uruguay,Uruguay,derecho,173,68,46.15,4.32,0.21,0.1,0.04,1.38,35.9,15.385,37.44,3.19,0.67,34.57,0.19,7,0.14,0.92,1.24,2.55,61.11
Matheus Babi,Juventude,CF,,,28,700000,21,676,Brazil,Brazil,derecho,191,78,40.43,1.6,0.67,0.46,0.27,2.26,47.06,29.412,28.79,3.59,1.2,13.31,0.03,0,0.13,0.13,0.4,0.67,60.0
E. de los Santos,Unión La Calera,RAMF,RW,RCMF,26,700000,30,2036,Uruguay,Uruguay,derecho,169,64,40.91,3.18,0.04,0.06,0.0,1.15,23.08,3.846,44.22,1.33,1.64,39.56,0.07,1,0.04,0.35,0.44,3.36,51.32
J. Gutiérrez,Almería B,CF,LW,LAMF,23,650000,40,2770,Uruguay,"Uruguay, Italy",derecho,177,68,36.46,3.41,0.36,0.34,0.0,2.14,30.3,16.667,34.95,3.12,1.2,14.95,0.08,2,0.13,0.23,0.58,5.33,48.17
J. Báez,Sportivo Luqueño,AMF,LCMF,RW,25,650000,31,1814,Paraguay,Paraguay,derecho,173,68,20.0,1.24,0.0,0.04,0.0,0.6,16.67,0.0,36.36,0.89,0.55,40.29,0.1,3,0.2,0.3,1.14,0.79,43.75
A. Fernández,Racing Club,LAMF,RCMF,LW,24,600000,15,614,Argentina,Argentina,derecho,183,80,25.0,3.52,0.0,0.15,0.0,2.49,11.76,0.0,45.63,2.2,1.76,43.09,0.11,1,0.59,0.44,1.91,4.4,56.67
M. Cantera,Danubio,CF,AMF,,32,550000,23,1658,Uruguay,Uruguay,derecho,184,80,43.51,2.12,0.05,0.15,0.0,0.98,50.0,5.556,29.96,2.06,2.01,33.76,0.12,1,0.43,0.33,1.47,2.12,53.85
D. Nandín,Arouca,CF,,,23,550000,37,2898,Uruguay,Uruguay,derecho,186,78,25.84,2.11,0.34,0.43,0.03,1.68,50.0,20.37,31.17,3.23,1.65,14.1,0.07,1,0.22,0.25,0.47,2.24,48.61
H. Silveira,Racing,CF,,,32,550000,12,577,Uruguay,Uruguay,derecho,187,72,43.53,1.56,0.0,0.32,0.0,1.72,18.18,0.0,28.85,3.74,0.94,15.6,0.15,1,0.0,0.16,0.47,1.4,77.78
S. Núñez,Danubio,CF,,,25,550000,37,2473,Uruguay,Uruguay,derecho,177,75,26.39,0.94,0.11,0.29,0.0,1.21,31.25,9.375,31.52,2.6,1.62,9.73,0.04,2,0.0,0.11,0.45,0.9,50.0
R. Rivero,Wanderers,LWF,LAMF,LW,29,500000,16,995,Uruguay,Uruguay,izquierdo,170,69,32.26,3.35,0.45,0.42,0.0,3.08,44.12,14.706,35.66,1.54,1.63,31.39,0.09,1,0.0,0.0,0.36,3.62,37.5
E. Obregón,Torque,LAMF,RW,LW,23,500000,29,1854,Argentina,Argentina,derecho,177,69,37.7,3.88,0.0,0.18,0.0,1.84,28.95,0.0,35.31,2.67,1.17,22.72,0.12,2,0.1,0.29,0.73,5.39,52.25
M. Fonseca,Instituto,CF,,,24,500000,20,1090,Italy,"Italy, Uruguay",derecho,181,80,26.19,0.99,0.08,0.24,0.0,1.24,26.67,6.667,17.36,3.22,1.16,15.77,0.08,1,0.08,0.66,0.99,1.32,37.5
Diogo de Oliveira,Paysandu,CF,,,28,500000,28,2269,Brazil,Brazil,derecho,194,79,45.26,2.18,0.4,0.24,0.24,1.47,56.76,27.027,29.15,2.7,1.07,17.21,0.08,2,0.24,0.36,0.87,2.02,50.98
N. Dibble,Fénix,LW,CF,,31,475000,17,621,Uruguay,Uruguay,derecho,176,68,0.0,6.38,0.0,0.14,0.0,2.17,46.67,0.0,43.3,2.46,2.61,24.78,0.3,2,0.58,1.3,0.58,5.36,59.46
A. Anello,Boston River,LW,LAMF,LWF,23,450000,39,2092,United States,"United States, Italy",derecho,182,77,37.08,3.96,0.22,0.27,0.0,2.24,26.92,9.615,35.46,2.32,1.29,24.39,0.12,2,0.17,0.52,0.69,5.08,50.85
I. Yepez,Miramar Misiones,CF,LW,LAMF,26,450000,35,2481,Colombia,Colombia,,0,0,42.05,2.97,0.0,0.11,0.0,1.74,35.42,0.0,44.21,2.47,1.56,21.22,0.08,0,0.07,0.25,0.62,3.05,55.95
A. Hernández,Liverpool,CF,,,34,450000,27,1967,Uruguay,Uruguay,izquierdo,185,70,46.38,1.51,0.73,0.61,0.37,2.24,63.27,32.653,22.41,3.07,0.37,11.07,0.02,1,0.05,0.18,0.46,0.37,25.0
M. Peralta,Borneo FC,RW,LWF,LW,27,400000,41,3630,Argentina,Argentina,derecho,180,75,40.54,6.55,0.25,0.24,0.0,2.08,45.24,11.905,51.03,5.08,1.12,33.69,0.32,13,0.67,1.12,1.88,5.33,64.65
J. Neris,Torque,CF,,,25,400000,24,1784,Uruguay,Uruguay,derecho,183,82,38.67,2.12,0.35,0.39,0.0,2.07,43.9,17.073,22.78,3.73,1.11,13.62,0.1,1,0.0,0.25,0.61,1.72,50.0
L. Hernández,Peñarol,LB,LW,,32,400000,43,1973,Uruguay,Uruguay,izquierdo,175,83,35.48,2.78,0.09,0.11,0.0,0.59,15.38,15.385,36.89,1.55,0.59,41.65,0.2,5,0.0,0.68,0.96,2.46,50.0
L. Suhr,Sarmiento,RW,RAMF,CF,27,400000,31,2087,Uruguay,Uruguay,derecho,175,81,39.51,4.36,0.13,0.12,0.0,1.21,35.71,10.714,42.52,2.85,2.07,16.56,0.14,2,0.09,0.43,0.78,4.83,61.61
P. García,San Martín San Juan,RW,RCMF,RAMF,26,400000,28,2059,Uruguay,Uruguay,derecho,178,66,27.27,2.67,0.04,0.16,0.0,1.01,34.78,4.348,37.05,1.44,1.31,36.24,0.15,2,0.39,0.66,1.36,2.97,48.53
H. Toledo,Deportivo Maldonado,LAMF,CF,,29,400000,23,1588,Argentina,Argentina,derecho,181,73,21.43,8.27,0.06,0.16,0.0,1.53,33.33,3.704,43.3,3.46,2.21,29.02,0.2,7,0.17,0.96,1.02,8.9,58.6
F. Santander,Sportivo Luqueño,CF,,,34,400000,25,1316,Paraguay,Paraguay,derecho,187,84,41.61,1.23,0.34,0.4,0.0,2.67,25.64,12.821,32.61,3.56,1.44,20.79,0.02,0,0.21,0.21,0.89,0.68,70.0
A. Machado,Peñarol,CF,,,23,375000,32,1940,Uruguay,Uruguay,izquierdo,179,77,36.89,2.46,0.23,0.26,0.0,1.53,48.48,15.152,27.46,2.97,0.6,16.7,0.05,1,0.05,0.42,0.6,2.64,43.86
I. Pereira,Real Cartagena,LAMF,LW,RWF,27,375000,21,832,Uruguay,Uruguay,izquierdo,178,62,30.43,3.14,0.22,0.24,0.0,1.3,41.67,16.667,39.47,3.57,0.76,23.15,0.1,1,0.22,0.22,0.76,3.79,51.43
J. Quintana,River Plate,RB,RW,,25,350000,36,2932,Uruguay,Uruguay,derecho,176,73,33.33,2.98,0.03,0.03,0.0,0.52,29.41,5.882,41.43,0.74,0.68,26.21,0.13,3,0.03,0.4,0.37,2.92,54.74
J. Berríos,Carabobo,CF,RW,RWF,28,350000,41,2871,Colombia,Colombia,derecho,180,0,31.82,2.89,0.13,0.13,0.0,1.06,36.36,12.121,38.86,2.76,1.67,18.13,0.08,1,0.03,0.32,0.58,3.24,55.45
F. Soldano,Defensor Sporting,CF,RW,,30,325000,22,1962,Argentina,"Argentina, Italy",derecho,180,79,42.61,1.33,0.05,0.17,0.05,1.38,26.67,3.333,27.78,2.61,0.64,16.61,0.07,1,0.05,0.18,0.55,1.06,52.17
B. Hurtado,Miramar Misiones,LW,CF,LAMF,26,325000,20,1000,Venezuela,Venezuela,izquierdo,184,73,41.18,3.24,0.18,0.1,0.09,1.17,30.77,15.385,41.18,2.25,0.81,22.5,0.07,0,0.09,0.18,0.45,2.61,58.62
E. da Silva,Racing,CF,RW,RWB,24,325000,33,2133,Uruguay,Uruguay,derecho,168,0,33.68,3.63,0.21,0.22,0.04,1.6,31.58,13.158,39.92,3.25,0.76,24.68,0.14,3,0.13,0.55,0.93,4.77,50.44
E. Busquets,Torque,LB,RB,RW,24,325000,22,1927,Uruguay,"Uruguay, Italy",derecho,173,69,45.31,1.17,0.09,0.06,0.05,0.7,26.67,13.333,33.75,1.07,0.93,33.39,0.1,1,0.09,0.33,0.37,0.93,40.0
M. Acuña,Mushuc Runa,CF,,,32,300000,32,2261,Uruguay,Uruguay,derecho,174,68,32.29,2.11,0.48,0.42,0.16,2.03,43.14,23.529,23.55,3.34,1.95,10.47,0.09,2,0.16,0.2,0.68,1.91,41.67
G. Bueno,Danubio,CF,LAMF,LW,32,300000,18,594,Uruguay,"Uruguay, Portugal",izquierdo,176,74,0.0,3.94,0.15,0.15,0.0,2.42,50.0,6.25,40.48,3.03,1.82,22.58,0.17,1,0.0,0.3,1.06,1.82,58.33
Dudu,,LCMF,LW,LWF,22,300000,8,500,Brazil,Brazil,izquierdo,184,68,38.89,3.6,0.18,0.14,0.0,1.26,57.14,14.286,47.06,2.34,1.98,22.68,0.03,0,0.0,0.0,0.54,3.96,50.0
C. Barros,Plaza Colonia,LW,CF,RW,25,300000,29,1791,Uruguay,Uruguay,derecho,168,62,42.37,2.71,0.2,0.21,0.0,2.76,30.91,7.273,35.43,1.91,1.96,29.1,0.09,0,0.3,0.3,1.01,2.86,45.61
A. González,Boston River,CF,,,22,300000,29,1344,Uruguay,Uruguay,derecho,182,73,44.25,1.47,0.2,0.26,0.07,1.88,35.71,10.714,33.61,2.95,0.8,15.27,0.1,2,0.13,0.13,0.6,1.14,47.06
N. Queiroz,Wanderers,LCMF,RCMF,RW,29,300000,26,1047,Uruguay,Uruguay,derecho,179,69,16.67,3.09,0.09,0.06,0.0,1.38,31.25,6.25,50.0,0.52,0.6,36.53,0.09,0,0.17,0.26,0.69,3.44,62.5
G. Vega,Fénix,RW,RAMF,LW,33,300000,23,1537,Uruguay,Uruguay,derecho,172,70,13.95,3.98,0.06,0.1,0.0,1.64,25.0,3.571,40.25,2.34,1.46,33.03,0.13,1,0.18,0.59,1.11,4.45,60.53
N. Fernández,Progreso,LW,RW,AMF,22,300000,36,2660,Uruguay,Uruguay,,0,0,34.33,3.76,0.1,0.12,0.0,1.45,39.53,6.977,46.9,2.17,1.22,36.37,0.11,2,0.07,0.37,0.98,3.65,57.41
N. González,Progreso,CF,,,28,300000,32,2128,Uruguay,Uruguay,derecho,183,81,37.5,1.82,0.21,0.34,0.0,1.9,46.67,11.111,23.9,3.3,1.48,12.73,0.04,1,0.13,0.13,0.63,1.35,40.63
B. Acosta,Copiapó,LAMF,RW,LW,27,300000,23,1444,Uruguay,Uruguay,derecho,178,70,34.15,4.8,0.12,0.11,0.0,1.99,12.5,6.25,35.15,2.24,0.81,24.25,0.09,2,0.12,0.44,0.44,6.48,46.15
E. Larrosa,Cerro,CF,,,24,300000,23,1978,Uruguay,Uruguay,izquierdo,185,75,40.43,1.3,0.36,0.47,0.1,2.25,36.17,17.021,13.79,3.17,0.62,14.15,0.02,0,0.1,0.19,0.58,1.06,27.27
O. Falconis,Cerro,LW,AMF,RWF,25,300000,17,556,Uruguay,Uruguay,izquierdo,170,68,34.38,4.37,0.32,0.21,0.0,2.75,29.41,11.765,37.63,2.59,2.43,18.13,0.15,0,0.0,0.16,0.49,5.67,60.0
L. Otormín,Cerro Largo,CF,AMF,,28,300000,30,1805,Uruguay,Uruguay,derecho,172,70,28.81,2.04,0.2,0.16,0.0,1.99,30.0,10.0,29.25,1.4,0.85,29.82,0.14,3,0.15,0.3,0.9,2.14,37.21
N. Mezquida,Vancouver FC,AMF,CF,RW,33,300000,20,1136,Uruguay,"Uruguay, Italy",derecho,171,0,23.26,3.09,0.32,0.27,0.0,1.98,48.0,16.0,35.58,2.77,1.35,27.65,0.05,0,0.08,0.0,0.79,2.22,67.86
F. Pérez,Rentistas,LAMF,LW,,23,300000,24,1094,Uruguay,Uruguay,izquierdo,168,0,36.36,4.36,0.08,0.04,0.0,0.82,50.0,10.0,39.71,3.21,0.99,22.71,0.15,1,0.08,0.33,0.9,5.68,52.17
V. Amoroso,Albion,LW,LWF,LCMF,24,300000,28,1660,Uruguay,Uruguay,,0,0,50.0,3.8,0.16,0.13,0.0,1.08,55.0,15.0,41.43,1.41,1.19,23.75,0.11,0,0.0,0.33,0.49,3.36,54.84
D. Bittencourt,Tacuarembó,CF,,,29,300000,25,1154,Brazil,Brazil,derecho,182,75,30.16,1.4,0.23,0.24,0.0,2.57,18.18,9.091,25.2,2.11,0.62,15.68,0.02,0,0.16,0.08,0.55,2.34,36.67
S. Sosa,Everton,CF,,,31,300000,34,2845,Uruguay,Uruguay,derecho,186,79,48.08,1.96,0.35,0.41,0.06,2.12,55.22,16.418,30.33,3.29,0.73,18.82,0.09,4,0.06,0.25,0.66,0.82,61.54
M. Camarda,San Marcos,CF,,,24,300000,29,1553,Uruguay,"Uruguay, Italy",derecho,183,71,29.91,2.55,0.46,0.4,0.0,2.14,37.84,21.622,25.88,3.19,0.99,14.66,0.05,0,0.23,0.23,0.52,2.61,55.56
C. Spinelli,Independiente del Valle,CF,,,28,300000,44,3356,Argentina,"Argentina, Italy",derecho,180,80,41.78,2.01,0.64,0.5,0.24,2.49,49.46,25.806,23.89,3.14,1.34,10.83,0.01,0,0.0,0.11,0.27,1.56,46.55
I. Machuca,Vélez Sarsfield,LAMF,AMF,LW,25,3000000,22,1010,Argentina,Argentina,derecho,170,70,25.0,5.26,0.09,0.08,0.0,0.89,20.0,10.0,39.22,2.05,1.6,29.32,0.14,1,0.09,0.62,0.53,7.31,60.98
F. Cardozo,Olimpia,RW,RAMF,RWF,24,3000000,27,1285,Paraguay,Paraguay,derecho,173,67,24.07,2.03,0.0,0.15,0.0,1.47,14.29,0.0,32.26,2.24,1.12,29.56,0.07,0,0.07,0.56,0.7,2.24,46.88
A. Vombergar,San Lorenzo,CF,,,30,3000000,44,2894,Argentina,"Argentina, Slovenia",derecho,187,79,37.16,1.0,0.31,0.33,0.09,1.4,44.44,22.222,20.57,2.24,0.68,14.4,0.04,1,0.03,0.12,0.28,0.75,37.5
Á. Di María,Rosario Central,RAMF,RWF,RW,37,3000000,34,2527,Argentina,"Argentina, Italy",izquierdo,178,69,0.0,6.09,0.46,0.49,0.0,3.18,40.7,15.116,38.87,3.03,1.77,39.52,0.2,6,0.7,0.81,2.55,6.32,45.03
S. Villa,Independiente Rivadavia,CF,LWF,LAMF,29,3000000,42,4043,Colombia,Colombia,derecho,179,71,14.75,7.02,0.18,0.19,0.0,2.17,34.74,7.368,46.44,2.23,1.37,27.76,0.19,9,0.43,0.64,1.05,7.54,58.01
T. Palacios,Estudiantes,RAMF,AMF,RW,24,2800000,45,3671,Argentina,"Argentina, Uruguay",izquierdo,167,68,23.81,4.58,0.22,0.21,0.0,2.43,28.28,9.091,38.49,2.75,1.3,33.0,0.17,7,0.39,0.66,1.37,5.42,51.58
F. Pizzini,Vélez Sarsfield,RAMF,LW,,31,2700000,49,3317,Argentina,"Argentina, Italy",derecho,177,77,32.14,4.59,0.16,0.18,0.0,1.85,42.65,8.824,38.97,3.34,1.79,32.75,0.13,3,0.27,0.46,0.9,4.86,53.07
M. Luna Diale,Akhmat Grozny,CF,LCMF,AMF,26,2500000,16,747,Argentina,Argentina,derecho,173,66,39.02,2.77,0.12,0.07,0.12,1.2,30.0,10.0,44.87,1.33,1.2,24.58,0.07,0,0.36,0.0,0.72,3.01,60.0
W. Mazzantti,Independiente,RAMF,RW,RWF,28,2500000,48,3921,Argentina,Argentina,derecho,174,68,38.1,3.28,0.14,0.15,0.05,1.06,41.3,13.043,36.73,3.03,2.2,20.02,0.07,6,0.18,0.34,0.71,3.31,57.64
M. Salas,River Plate,LWF,CF,LW,27,2500000,53,3750,Argentina,Argentina,izquierdo,174,82,30.67,3.64,0.19,0.26,0.02,2.29,37.89,8.421,35.07,3.57,1.62,20.14,0.12,7,0.12,0.48,0.87,3.52,50.68
F. Girotti,Talleres Córdoba,CF,,,26,2500000,46,2807,Argentina,"Argentina, Italy",derecho,189,82,49.04,1.41,0.22,0.21,0.03,1.73,37.04,12.963,18.78,2.31,0.38,17.67,0.06,2,0.16,0.38,0.51,1.19,35.14
Rick,Talleres Córdoba,LW,LAMF,LWF,25,2500000,47,3265,Brazil,Brazil,derecho,170,70,28.0,6.17,0.17,0.16,0.0,2.15,28.21,7.692,42.26,2.81,2.09,28.78,0.14,3,0.39,0.5,0.83,7.25,53.61
T. Galván,Vélez Sarsfield,LAMF,AMF,LW,25,2200000,33,2597,Argentina,Argentina,derecho,172,67,24.0,1.63,0.1,0.09,0.0,0.9,30.77,11.538,42.53,2.08,1.52,37.57,0.09,2,0.24,0.28,1.04,2.04,55.93
M. Pellegrini,Vélez Sarsfield,LAMF,LW,RAMF,25,2200000,38,1259,Argentina,Argentina,derecho,176,68,43.1,3.29,0.0,0.15,0.0,1.07,46.67,0.0,38.29,1.86,1.72,29.67,0.09,2,0.14,0.36,1.22,4.0,50.0
F. González,Defensa y Justicia,RAMF,RWF,RW,24,2200000,36,2000,Argentina,Argentina,izquierdo,171,70,35.38,3.51,0.14,0.19,0.05,1.66,43.24,8.108,42.55,2.39,1.93,25.6,0.15,3,0.0,0.5,0.54,3.51,51.28
J. Carbonero,Internacional,LAMF,LW,CF,26,2200000,38,2018,Colombia,Colombia,derecho,170,71,30.56,5.08,0.27,0.29,0.0,2.54,36.84,10.526,44.95,3.48,2.45,27.47,0.13,1,0.58,0.54,1.65,5.71,57.81
L. Vietto,Racing Club,AMF,LWF,RWF,31,2000000,30,1542,Argentina,"Argentina, Italy",derecho,173,65,10.53,2.45,0.47,0.36,0.0,2.28,41.03,20.513,27.81,2.63,1.05,27.26,0.18,2,0.29,0.76,2.33,1.98,35.29
A. Luna,Instituto,CF,LW,,21,2000000,32,2316,Argentina,Argentina,derecho,174,71,24.44,4.51,0.23,0.2,0.04,2.6,26.87,8.955,39.41,1.87,3.65,21.53,0.14,3,0.31,0.39,0.93,5.91,46.05
B. Armoa,Tigre,CF,RW,RAMF,25,2000000,29,1573,Paraguay,Paraguay,derecho,177,67,24.04,2.12,0.17,0.23,0.0,1.72,33.33,10.0,30.99,3.03,1.54,15.16,0.06,3,0.0,0.17,0.23,2.12,54.05
G. Maroni,Newell's Old Boys,AMF,CF,,26,2000000,41,2824,Argentina,Argentina,derecho,175,69,40.28,3.12,0.1,0.2,0.03,1.94,31.15,4.918,38.9,2.42,1.53,36.27,0.15,5,0.35,0.54,1.69,3.73,47.01
V. Taborda,Platense,AMF,LW,CF,24,2000000,35,2556,Argentina,"Argentina, Italy",derecho,178,71,38.03,2.5,0.21,0.1,0.04,1.27,38.89,16.667,36.69,1.69,2.18,33.7,0.1,1,0.25,0.18,0.95,3.38,45.83
Pity Martínez,River Plate,LAMF,LW,LCMF,32,2000000,21,792,Argentina,"Argentina, Italy",izquierdo,172,75,50.0,6.93,0.11,0.27,0.0,3.52,32.26,3.226,48.61,2.61,4.2,44.09,0.28,4,1.02,1.14,1.7,6.25,54.55
S. Rodríguez,Colo Colo,CF,,,25,2000000,40,2717,Uruguay,Uruguay,izquierdo,186,81,37.31,1.59,0.33,0.42,0.1,2.09,46.03,15.873,23.5,2.75,1.16,12.89,0.03,1,0.1,0.17,0.33,1.29,43.59
R. Martínez,Al Taawon,CF,,,30,1800000,40,2697,Colombia,Colombia,derecho,180,89,34.62,3.17,0.3,0.3,0.03,2.3,42.03,13.043,33.01,3.3,1.84,17.72,0.07,3,0.2,0.4,0.67,4.07,48.36
C. Palacios,Boca Juniors,AMF,CF,,25,1800000,40,3225,Chile,Chile,derecho,180,76,33.33,2.29,0.22,0.18,0.0,1.53,38.18,14.545,36.33,1.2,1.26,45.82,0.16,5,0.56,0.42,1.56,2.62,47.87
A. Martegani,Boca Juniors,LW,AMF,LCMF,25,1800000,13,617,Argentina,"Argentina, Italy",izquierdo,185,75,59.26,1.46,0.0,0.04,0.0,0.73,20.0,0.0,30.88,0.73,1.75,30.92,0.07,0,0.44,0.29,0.58,2.92,40.0
A. Urzi,Huracán,LAMF,RAMF,LW,25,1800000,33,1504,Argentina,"Argentina, Italy",izquierdo,169,71,27.03,2.33,0.12,0.14,0.0,1.56,19.23,7.692,35.67,1.38,2.09,24.77,0.11,1,0.18,0.48,0.6,2.57,48.84
M. Giménez,Boca Juniors,CF,,,28,1800000,45,2534,Argentina,Argentina,derecho,183,81,28.5,1.46,0.43,0.35,0.11,1.88,30.19,22.642,26.29,2.59,1.49,10.02,0.06,3,0.04,0.18,0.67,2.13,38.33
W. Bou,Lanús,CF,,,31,1700000,45,3593,Argentina,Argentina,derecho,174,74,25.0,2.05,0.23,0.32,0.05,2.13,44.71,10.588,23.69,3.76,0.58,21.44,0.09,2,0.13,0.6,0.78,1.23,55.1
D. Barbona,Defensa y Justicia,AMF,CF,RW,30,1700000,16,593,Argentina,Argentina,derecho,184,69,0.0,2.58,0.15,0.22,0.0,2.43,43.75,6.25,43.14,1.37,1.82,40.22,0.2,1,1.52,0.3,1.37,1.37,44.44
I. Maestro Puch,San Martín San Juan,CF,,,21,1700000,24,588,Argentina,"Argentina, Italy",derecho,176,77,28.13,2.19,0.15,0.37,0.0,2.5,18.75,6.25,24.47,4.07,1.88,13.15,0.12,1,0.0,0.31,0.78,4.7,30.0
M. Santos,Vélez Sarsfield,CF,AMF,,32,1500000,34,1323,Uruguay,Uruguay,derecho,175,68,33.93,2.38,0.27,0.43,0.0,2.04,40.0,13.333,35.24,4.22,1.09,12.79,0.09,2,0.07,0.27,0.68,2.59,52.63
L. Alario,Estudiantes,CF,,,32,1500000,22,995,Argentina,"Argentina, Italy",derecho,184,78,28.85,0.54,0.09,0.3,0.0,1.36,33.33,6.667,22.95,2.35,1.18,15.29,0.06,0,0.09,0.36,0.72,0.45,20.0
E. Salvio,Lanús,RAMF,RW,LAMF,35,1500000,50,3877,Argentina,Argentina,derecho,173,78,32.84,3.99,0.21,0.21,0.02,1.58,44.12,13.235,35.78,2.34,0.7,31.41,0.09,2,0.14,0.35,0.86,5.27,49.34
G. Verón,Central Córdoba SdE,CF,AMF,LWF,24,1500000,36,1872,Argentina,Argentina,derecho,184,82,44.85,2.45,0.34,0.27,0.1,2.36,38.78,14.286,27.24,2.69,1.78,27.98,0.07,1,0.34,0.29,1.11,3.27,32.35
J. Álvarez,,RAMF,RW,,29,1300000,11,837,Argentina,"Argentina, Italy",derecho,176,72,25.0,5.05,0.0,0.05,0.0,1.18,36.36,0.0,35.96,1.94,0.32,18.92,0.4,2,0.22,0.97,0.43,5.05,46.81
M. Garay,Tigre,RB,RW,,26,1300000,30,2440,Argentina,Argentina,derecho,167,67,44.23,2.29,0.04,0.03,0.0,0.33,22.22,11.111,32.3,1.07,0.37,39.76,0.08,0,0.11,0.33,0.85,2.1,47.37
B. Romero,Vélez Sarsfield,CF,,,34,1300000,51,4515,Argentina,Argentina,derecho,175,75,29.56,2.03,0.38,0.41,0.08,2.27,47.37,16.667,28.43,3.37,1.44,13.79,0.09,5,0.14,0.18,0.54,1.69,41.18
R. Martínez,Platense,CF,AMF,LAMF,29,1300000,40,2104,Paraguay,Paraguay,derecho,178,75,45.63,1.84,0.21,0.22,0.09,1.84,37.21,11.628,27.35,3.04,0.98,17.07,0.1,2,0.13,0.26,1.03,1.37,53.13
G. Tapia,São Paulo,CF,AMF,RAMF,23,1300000,25,1539,Chile,Chile,derecho,179,78,52.33,3.63,0.29,0.33,0.12,2.92,36.0,10.0,36.55,4.04,1.81,17.6,0.05,1,0.06,0.35,0.35,3.74,53.13
G. Ávalos,Independiente,CF,,,34,1300000,49,3648,Paraguay,Paraguay,derecho,190,88,42.12,1.77,0.39,0.35,0.15,1.92,50.65,20.779,21.1,4.16,0.87,14.53,0.04,3,0.12,0.27,0.82,1.15,47.83
A. Canelo,Lanús,CF,,,33,1300000,29,689,Argentina,Argentina,derecho,178,74,25.42,2.22,0.39,0.35,0.13,2.22,47.06,17.647,27.54,3.13,1.57,26.52,0.28,3,0.13,0.91,1.04,1.04,37.5
S. Rodríguez,Sarmiento,CF,,,27,1300000,29,1313,Argentina,Argentina,izquierdo,171,73,19.51,3.02,0.0,0.12,0.0,1.99,31.03,0.0,30.59,2.67,1.17,24.47,0.09,0,0.27,0.14,0.62,4.04,33.9
L. Heredia,Central Córdoba SdE,CF,,,29,1300000,32,2152,Argentina,Argentina,derecho,187,79,30.92,1.55,0.29,0.33,0.0,1.84,56.82,15.909,27.54,2.51,0.67,24.21,0.06,1,0.17,0.42,0.5,0.84,50.0
R. Ruíz Rodríguez,Atlético Tucumán,RW,LW,RWF,25,1300000,24,1094,Argentina,Argentina,derecho,185,80,56.45,1.73,0.0,0.15,0.0,1.48,44.44,0.0,26.42,2.96,0.82,17.19,0.12,3,0.08,0.33,0.66,2.88,34.29
L. Díaz,Atlético Tucumán,CF,,,33,1300000,27,1633,Argentina,Argentina,derecho,184,80,35.97,1.49,0.33,0.43,0.0,2.26,34.15,14.634,29.53,3.36,1.38,18.3,0.01,0,0.11,0.11,0.33,1.43,42.31
M. Rodríguez,Platense,CF,,,25,1200000,17,849,Chile,Chile,derecho,183,68,31.17,1.7,0.11,0.35,0.0,2.86,37.04,3.704,22.77,4.03,1.59,14.84,0.03,0,0.0,0.32,0.95,1.48,35.71
A. Soñora,Cerro Porteño,LCMF,RW,AMF,26,1200000,22,1024,United States,"United States, Argentina",izquierdo,171,65,26.67,1.85,0.09,0.09,0.0,1.23,28.57,7.143,26.15,1.05,0.44,40.61,0.16,1,0.26,0.09,0.62,1.67,52.63
R. Piñeiro,Everton,CF,LWF,LW,26,1200000,19,1065,Uruguay,Uruguay,derecho,177,69,19.05,3.8,0.17,0.25,0.0,2.37,42.86,7.143,44.16,1.69,1.35,27.46,0.05,0,0.51,0.25,0.34,4.31,58.82
B. Galván,,LW,LAMF,RW,24,1200000,24,903,Argentina,Argentina,izquierdo,166,64,11.11,3.29,0.1,0.06,0.0,0.8,62.5,12.5,50.0,1.3,1.2,28.11,0.13,2,0.2,0.3,0.7,2.59,65.38
A. Martínez,Ceará,RAMF,LAMF,RW,28,1200000,22,1073,Argentina,Argentina,izquierdo,171,70,15.38,4.45,0.0,0.16,0.0,2.26,22.22,0.0,34.38,3.1,0.5,26.76,0.18,0,0.17,0.34,0.5,4.86,44.83
J. Acevedo,Instituto,RW,LW,RAMF,28,1200000,30,1886,Argentina,Argentina,izquierdo,172,70,42.11,2.2,0.1,0.1,0.0,1.48,29.03,6.452,34.66,1.0,1.15,30.68,0.11,0,0.1,0.33,0.52,2.86,50.0
F. Zapiola,Platense,LAMF,LW,,24,1200000,25,1214,Argentina,Argentina,izquierdo,176,70,32.0,3.78,0.07,0.17,0.0,1.71,30.43,4.348,45.05,2.0,1.26,29.65,0.14,0,0.22,0.37,0.44,4.15,50.0
A. Lotti,Platense,CF,,,29,1200000,38,1767,Argentina,"Argentina, Italy",derecho,180,70,26.56,1.88,0.1,0.27,0.05,1.63,37.5,6.25,27.19,3.11,0.46,19.56,0.05,3,0.2,0.25,0.97,1.48,51.72
M. Godoy,Central Córdoba SdE,LW,LAMF,,23,1200000,34,2099,Argentina,Argentina,derecho,176,73,28.95,3.09,0.09,0.1,0.0,1.11,30.77,7.692,32.86,2.66,1.89,24.53,0.15,4,0.13,0.47,1.11,4.5,46.67
E. Ramírez,Huracán,CF,,,28,1200000,45,2787,Argentina,Argentina,derecho,170,68,27.54,2.16,0.29,0.28,0.03,2.07,46.88,14.063,33.97,3.2,1.58,12.27,0.06,0,0.36,0.26,0.39,1.87,39.66
H. Fértoli,Tigre,LW,LAMF,,30,1000000,37,1459,Argentina,"Argentina, Italy",derecho,175,66,41.38,3.39,0.12,0.18,0.0,1.05,41.18,11.765,39.25,1.23,1.54,32.32,0.06,1,0.37,0.19,0.43,4.26,52.17
L. Martínez Dupuy,Godoy Cruz,CF,,,24,1000000,32,1333,Mexico,"Mexico, Argentina",derecho,178,70,37.08,2.16,0.34,0.28,0.0,1.96,48.28,17.241,30.77,2.97,1.76,9.52,0.03,1,0.0,0.07,0.41,1.35,65.0
I. Schor,Platense,RW,RAMF,CF,24,1000000,37,1220,Argentina,Argentina,derecho,183,74,34.48,4.5,0.07,0.14,0.0,1.03,35.71,7.143,36.14,3.1,0.89,21.98,0.05,0,0.15,0.07,0.44,5.75,55.13
R. Carrera,Lanús,LAMF,LW,RDMF,31,1000000,39,2762,Argentina,Argentina,derecho,182,70,49.55,2.44,0.13,0.16,0.03,2.31,35.21,5.634,40.76,1.69,1.47,32.03,0.05,1,0.26,0.33,0.65,2.09,50.0
J. Miritello,Defensa y Justicia,CF,,,26,1000000,42,2210,Argentina,Argentina,derecho,182,78,44.96,1.14,0.41,0.37,0.16,1.91,53.19,21.277,22.47,2.73,1.02,18.94,0.05,3,0.0,0.2,0.37,0.45,27.27
E. Cavani,Boca Juniors,CF,,,38,1000000,34,2758,Uruguay,"Uruguay, Italy",derecho,184,71,31.03,1.63,0.26,0.33,0.03,1.7,51.92,15.385,38.17,3.1,0.85,14.49,0.02,1,0.13,0.2,0.36,1.11,58.82
G. Alanís,Huracán,LAMF,RAMF,RW,31,1000000,37,2201,Argentina,Argentina,izquierdo,186,73,42.86,2.94,0.04,0.14,0.04,1.27,29.03,3.226,30.88,2.29,0.78,20.0,0.12,4,0.2,0.49,0.65,2.94,52.78
F. Suárez,Instituto,CF,,,31,800000,25,1582,Argentina,Argentina,derecho,183,72,46.49,1.65,0.23,0.21,0.11,1.65,37.93,13.793,34.64,2.5,2.05,14.56,0.0,2,0.06,0.11,0.34,1.48,61.54
A. Solari,Rosario Central,RAMF,RW,LCMF,33,800000,15,634,Argentina,"Argentina, Italy",derecho,176,80,44.44,1.14,0.0,0.02,0.0,0.43,33.33,0.0,26.19,1.56,0.28,27.26,0.02,0,0.28,0.28,0.43,1.7,50.0
R. Botta,Talleres Córdoba,AMF,RAMF,RW,35,800000,37,2480,Argentina,"Argentina, Italy",izquierdo,177,74,35.9,4.25,0.15,0.13,0.0,1.38,36.84,10.526,40.28,1.92,1.96,36.65,0.13,6,0.36,0.62,1.67,3.99,60.91
N. Cordero,Instituto,CF,,,26,800000,19,937,Argentina,Argentina,derecho,185,83,52.67,0.77,0.0,0.29,0.0,2.11,18.18,0.0,21.62,3.75,1.15,16.14,0.02,0,0.1,0.0,0.38,0.67,42.86
A. Balboa,Racing Club,CF,,,31,800000,45,2688,Uruguay,Uruguay,derecho,186,82,37.04,1.84,0.33,0.4,0.13,2.58,40.26,12.987,23.45,3.95,0.6,14.06,0.05,3,0.03,0.13,0.7,1.24,43.24
R. Cabral,Huracán,LAMF,LWF,LW,24,800000,35,1722,Argentina,Argentina,derecho,170,69,25.86,4.13,0.21,0.14,0.0,1.93,37.84,10.811,50.46,2.61,2.93,23.94,0.09,1,0.05,0.26,0.42,4.34,54.22
L. Menossi,Belgrano,LCMF,RCMF,RW,33,750000,27,1565,Argentina,Argentina,derecho,169,70,45.45,0.86,0.06,0.1,0.06,0.81,7.14,7.143,43.4,0.75,0.75,32.66,0.09,0,0.17,0.23,0.46,0.46,62.5
L. Garate,,CF,AMF,,31,750000,15,754,Argentina,Argentina,derecho,191,89,50.6,1.19,0.36,0.41,0.0,1.91,50.0,18.75,32.43,2.75,0.48,14.08,0.02,0,0.12,0.0,0.12,0.36,33.33
L. Herrera,Newell's Old Boys,LW,RW,RAMF,29,750000,38,2252,Argentina,Argentina,derecho,179,76,38.36,3.12,0.2,0.15,0.0,1.6,37.5,12.5,35.2,3.0,2.0,21.54,0.09,3,0.08,0.28,0.72,4.24,44.34
Lenny Lobato,Defensa y Justicia,CF,RW,RAMF,24,750000,42,2050,Brazil,"Brazil, Argentina",izquierdo,174,71,24.07,4.26,0.26,0.23,0.04,2.55,37.93,10.345,42.45,4.57,1.1,22.3,0.15,4,0.09,0.57,1.1,3.91,57.3
F. Bruera,Barracas Central,CF,,,26,750000,34,1978,Argentina,Argentina,derecho,194,92,38.92,1.41,0.41,0.41,0.14,2.32,39.22,17.647,20.96,3.28,1.0,13.83,0.07,2,0.0,0.27,0.68,1.5,30.3
E. Ramírez,Dynamo Kyiv,CF,,,26,700000,20,803,Venezuela,Venezuela,derecho,190,82,38.36,1.57,0.11,0.21,0.0,2.02,38.89,5.556,30.0,2.69,1.34,13.79,0.04,1,0.0,0.11,0.56,1.12,50.0
J. García,Newell's Old Boys,CF,,,32,700000,29,1548,Argentina,Argentina,derecho,183,72,39.59,1.34,0.17,0.45,0.06,2.15,35.14,8.108,28.4,3.31,1.45,13.31,0.05,1,0.06,0.29,0.35,0.81,35.71
M. Estigarribia,Unión Santa Fe,CF,,,30,700000,42,2932,Argentina,Argentina,derecho,180,83,47.22,1.87,0.21,0.35,0.03,2.33,39.47,9.211,28.4,4.82,1.01,19.43,0.08,2,0.09,0.31,0.86,1.17,57.89
F. Frías,Sarmiento,CF,RWF,,23,700000,24,1148,Argentina,Argentina,derecho,174,69,24.0,2.43,0.16,0.26,0.08,1.33,58.82,11.765,34.91,2.12,1.57,14.97,0.05,0,0.08,0.24,0.16,2.82,38.89
T. Fernández,San Martín San Juan,RAMF,CF,RW,26,700000,22,1377,Argentina,Argentina,derecho,174,78,21.95,4.25,0.13,0.23,0.0,1.76,37.04,7.407,32.09,2.48,0.85,19.67,0.14,1,0.52,0.39,0.78,4.25,53.85
M. Lovera,Rosario Central,AMF,LAMF,LW,26,700000,29,1272,Argentina,Argentina,derecho,170,65,6.25,5.87,0.0,0.15,0.0,1.34,31.58,0.0,42.98,0.5,2.05,34.39,0.24,2,0.42,0.57,0.5,6.93,59.18
M. Miljevic,Huracán,AMF,LW,,24,700000,46,3487,United States,"United States, Argentina",derecho,180,76,46.51,3.33,0.21,0.19,0.0,2.84,32.73,7.273,43.21,1.24,2.94,37.17,0.19,6,0.28,0.39,0.85,2.97,60.0
Julio Furch,Banfield,CF,,,36,700000,18,638,Argentina,Argentina,derecho,188,88,37.88,0.56,0.0,0.16,0.0,1.27,44.44,0.0,25.93,2.4,1.13,15.38,0.01,0,0.0,0.0,0.14,0.14,0.0
J. Torres,Cerro Porteño,CF,AMF,,28,650000,50,3136,Argentina,Argentina,derecho,187,73,45.43,1.61,0.32,0.27,0.11,2.15,45.33,14.667,23.29,2.98,0.72,16.19,0.09,3,0.0,0.37,0.75,0.95,36.36
A. Cuello,San Lorenzo,CF,LAMF,,25,650000,45,3213,Argentina,Argentina,derecho,170,65,35.1,2.44,0.2,0.23,0.08,1.85,46.97,10.606,25.23,3.36,1.68,15.77,0.02,0,0.11,0.08,0.59,3.84,37.23
R. Tesuri,Atlético Tucumán,RW,,,29,600000,24,2057,Argentina,Argentina,derecho,166,60,30.0,2.01,0.22,0.16,0.04,1.27,37.93,17.241,43.48,2.54,1.44,28.05,0.12,3,0.13,0.57,1.31,1.75,52.5
V. Rodríguez,Al Wasl,LB,LWF,LWB,24,600000,13,624,Uruguay,Uruguay,izquierdo,173,73,41.67,2.02,0.0,0.03,0.0,0.87,16.67,0.0,42.22,0.72,0.58,21.49,0.05,0,0.0,0.0,0.14,3.46,41.67
B. Sepúlveda,Banfield,CF,,,32,600000,18,1352,Argentina,Argentina,derecho,187,82,26.88,1.5,0.4,0.38,0.14,1.86,46.15,23.077,19.08,2.93,0.57,12.09,0.04,0,0.07,0.14,0.64,1.36,36.84
J. Giani,Aldosivi,AMF,CF,RW,26,600000,26,1492,Argentina,"Argentina, Italy",derecho,180,69,38.0,2.93,0.18,0.2,0.0,2.74,33.33,6.667,33.95,1.95,3.11,30.0,0.12,2,0.37,0.55,1.16,2.99,44.9
V. Depietri,Talleres Córdoba,LAMF,RAMF,LW,24,600000,37,2108,Argentina,Argentina,derecho,178,78,36.07,4.95,0.21,0.19,0.0,2.09,34.69,10.204,40.69,3.67,0.77,21.9,0.1,2,0.17,0.43,0.85,5.46,62.5
N. Benegas,Deportivo Riestra,CF,,,29,600000,37,2225,Argentina,Argentina,derecho,186,86,36.12,2.51,0.16,0.17,0.0,2.14,20.75,7.547,30.25,3.03,1.62,18.24,0.11,6,0.36,0.49,1.38,3.11,44.16
F. Lencioni,Gimnasia Mendoza,LW,LAMF,AMF,24,600000,30,2199,Argentina,Argentina,izquierdo,180,78,54.76,4.13,0.29,0.2,0.0,2.58,39.68,11.111,39.92,1.64,1.47,21.94,0.15,3,0.49,0.33,0.74,4.22,53.4
F. Watson,Lanús,AMF,CF,,23,600000,15,647,Argentina,"Argentina, Italy",derecho,177,74,16.0,3.06,0.14,0.21,0.0,1.67,50.0,8.333,44.44,1.53,1.53,24.62,0.2,1,0.0,0.42,0.97,2.5,66.67
A. Domínguez,Tristán Suárez,CF,,,28,550000,28,1398,Argentina,Argentina,derecho,185,84,36.36,0.65,0.06,0.17,0.0,1.04,25.0,6.25,17.95,1.83,0.72,15.22,0.02,2,0.13,0.46,0.26,0.59,33.33
F. Troyansky,Audax Italiano,LW,CF,RW,28,500000,22,639,Argentina,Argentina,izquierdo,178,77,39.39,2.82,0.28,0.11,0.0,1.55,45.45,18.182,34.43,2.25,0.56,22.54,0.1,0,0.14,0.14,0.56,2.54,66.67
C. Tarragona,Unión Santa Fe,CF,,,34,500000,43,2169,Argentina,Argentina,derecho,176,75,31.25,1.95,0.25,0.36,0.0,2.66,31.25,9.375,28.27,3.69,1.41,17.93,0.04,0,0.04,0.25,0.46,1.78,51.16
B. Yáñez,Godoy Cruz,LW,LAMF,RWF,24,500000,24,981,Chile,Chile,izquierdo,173,69,0.0,2.66,0.0,0.03,0.0,0.83,0.0,0.0,44.58,1.01,1.19,29.36,0.06,1,0.0,0.37,0.37,2.94,56.25
A. Castillo,Estudiantes,RAMF,RW,RWF,22,500000,30,1598,Colombia,Colombia,derecho,168,70,28.24,2.65,0.23,0.23,0.0,1.69,33.33,13.333,32.68,2.42,1.75,29.17,0.09,4,0.34,0.51,1.41,4.39,41.03
J. Esquivel,San Martín Tucumán,CF,LAMF,LW,24,500000,27,1855,Argentina,Argentina,ambidiestro,173,69,41.18,4.12,0.24,0.17,0.0,2.62,27.78,9.259,39.69,1.8,1.31,17.51,0.07,2,0.0,0.15,0.29,6.21,46.88
A. Díaz,Deportivo Riestra,CF,RW,,25,500000,34,1294,Argentina,Argentina,izquierdo,172,69,30.77,3.62,0.14,0.1,0.0,1.18,35.29,11.765,40.66,1.88,3.76,15.44,0.06,1,0.07,0.35,0.63,4.17,53.33
M. Bajamich,Atlético Tucumán,CF,LW,,25,500000,40,2587,Argentina,"Argentina, Croatia",derecho,178,80,24.83,3.3,0.17,0.2,0.07,1.77,41.18,9.804,38.43,2.85,1.25,24.07,0.08,2,0.49,0.21,1.36,3.58,51.46
L. Bucca,Independiente Rivadavia,RWF,LCMF,RW,26,500000,32,1524,Argentina,Argentina,izquierdo,190,78,48.57,2.07,0.12,0.1,0.06,1.24,38.1,9.524,33.83,1.65,1.71,23.03,0.05,2,0.18,0.24,0.35,2.13,47.22
S. López,Banfield,RW,RCMF,RDMF,27,500000,34,2579,Argentina,Argentina,derecho,180,69,42.59,1.71,0.03,0.08,0.0,1.12,15.63,3.125,39.92,1.19,1.64,39.47,0.06,3,0.17,0.21,0.66,2.3,50.0
L. Angulo,Talleres Córdoba,LW,LAMF,RAMF,21,450000,45,2457,Colombia,Colombia,derecho,174,65,34.21,4.36,0.15,0.17,0.0,1.28,42.86,11.429,36.59,3.08,1.47,21.47,0.19,11,0.29,0.84,0.92,5.75,47.77
J. Palacios,Unión Santa Fe,RW,LW,,26,450000,29,1399,Argentina,Argentina,derecho,169,68,32.43,4.63,0.06,0.07,0.0,1.74,22.22,3.704,45.81,1.74,2.64,30.88,0.14,2,0.51,0.84,1.22,4.25,59.09
M. Pérez,Sportivo Luqueño,CF,,,24,450000,23,1033,Paraguay,Paraguay,derecho,0,0,25.0,1.74,0.0,0.21,0.0,2.79,31.25,0.0,24.24,3.66,0.44,16.03,0.02,0,0.0,0.09,0.44,1.39,37.5
F. Monzón,Vélez Sarsfield,CF,,,24,425000,29,2128,Argentina,Argentina,derecho,184,79,39.57,2.62,0.34,0.19,0.08,1.69,47.5,20.0,31.25,3.59,1.4,22.33,0.08,2,0.38,0.3,0.63,2.58,50.82
G. Carabajal,Sarmiento,CF,AMF,LCMF,34,400000,28,1198,Argentina,Argentina,derecho,178,75,59.26,3.31,0.15,0.2,0.0,1.95,34.62,7.692,42.0,0.6,1.73,32.9,0.17,1,0.53,0.38,0.83,2.4,56.25
J. Hurtado,Gimnasia La Plata,CF,,,25,400000,31,1492,Venezuela,"Venezuela, Colombia",derecho,183,72,29.63,2.11,0.12,0.26,0.0,2.11,40.0,5.714,25.0,3.14,1.39,13.81,0.03,0,0.06,0.06,0.9,2.11,54.29
N. Orsini,Platense,CF,,,30,400000,31,1702,Argentina,"Argentina, Italy",derecho,191,92,37.84,1.59,0.21,0.3,0.05,2.12,37.5,10.0,21.02,3.75,1.0,16.92,0.08,2,0.05,0.26,0.42,1.53,34.48
G. Carrillo,Estudiantes,CF,,,34,400000,38,2769,Argentina,"Argentina, Italy",derecho,187,87,54.34,1.85,0.36,0.38,0.13,2.21,57.35,16.176,27.91,3.06,0.98,19.01,0.03,3,0.1,0.16,0.72,0.78,62.5
I. Morales,Sarmiento,CF,,,26,400000,35,2496,Chile,Chile,derecho,180,82,18.37,2.88,0.14,0.25,0.0,1.73,35.42,8.333,31.3,2.67,1.08,14.31,0.06,1,0.07,0.22,0.22,3.5,51.55
F. Anselmo,San Martín San Juan,CF,,,31,400000,16,997,Argentina,Argentina,derecho,186,84,37.68,1.53,0.09,0.3,0.0,2.08,26.09,4.348,27.5,2.8,1.17,9.66,0.02,0,0.09,0.09,0.36,0.99,54.55
J. Herrera,Deportivo Riestra,CF,,,33,400000,39,3366,Argentina,Argentina,izquierdo,175,75,27.18,1.74,0.37,0.34,0.11,1.74,52.31,21.538,26.45,3.18,1.1,12.17,0.07,1,0.05,0.29,1.04,1.82,36.76
J. Angulo,Emelec,CF,,,30,400000,18,934,Ecuador,Ecuador,derecho,181,75,53.16,2.7,0.48,0.4,0.19,2.31,37.5,20.833,26.61,4.14,1.06,11.47,0.11,2,0.1,0.29,0.96,2.79,48.28
N. Laméndola,Atlético Tucumán,LW,LWF,RW,26,375000,24,1086,Argentina,Argentina,derecho,178,68,28.13,3.73,0.41,0.16,0.08,1.24,53.33,33.333,27.03,2.15,1.49,26.77,0.14,2,0.33,0.99,0.83,6.46,29.49
J. Goitía,Deportivo Riestra,DMF,LCMF,RW,31,375000,38,2814,Argentina,Argentina,derecho,177,73,39.24,0.48,0.0,0.01,0.0,0.58,11.11,0.0,31.67,0.19,0.64,19.22,0.01,0,0.1,0.1,0.54,0.35,18.18
F. Romero,,CF,,,25,375000,13,683,Paraguay,Paraguay,derecho,174,75,17.57,0.79,0.13,0.11,0.0,1.19,33.33,11.111,16.22,2.9,1.32,14.23,0.05,0,0.0,0.13,0.26,0.92,28.57
N. Briasco,Gimnasia La Plata,LWF,CF,LW,29,350000,18,920,Argentina,"Argentina, Armenia",derecho,186,82,39.39,2.45,0.1,0.09,0.0,1.17,50.0,8.333,27.78,2.45,1.86,18.49,0.01,0,0.2,0.0,0.29,4.01,39.02
B. Cuello,Delfin,LCMF,LW,RW,27,350000,24,1523,Argentina,Argentina,derecho,170,66,43.4,2.54,0.06,0.05,0.06,0.95,31.25,6.25,38.65,1.42,1.36,29.19,0.16,4,0.0,0.35,0.53,3.07,42.31
A. Auzmendi,Godoy Cruz,CF,,,28,350000,46,3201,Argentina,Argentina,derecho,181,0,40.45,1.46,0.56,0.49,0.2,2.81,37.0,20.0,24.45,4.05,1.38,11.98,0.02,1,0.06,0.11,0.39,0.76,51.85
M. Pino,San Martín Tucumán,CF,,,27,325000,39,2367,Argentina,Argentina,derecho,184,74,27.94,1.27,0.27,0.35,0.12,1.82,36.96,15.217,17.06,2.46,1.51,13.41,0.02,2,0.16,0.16,0.4,2.1,20.75
T. Escalante,San Martín San Juan,RDMF,RCMF,RW,26,325000,16,907,Argentina,Argentina,derecho,171,71,29.17,2.38,0.0,0.09,0.0,1.89,15.79,0.0,35.05,0.89,1.59,35.33,0.12,3,0.3,0.79,0.6,2.38,41.67
P. Magnín,Sarmiento,CF,,,34,300000,33,2566,Argentina,Argentina,derecho,179,71,35.0,1.26,0.53,0.47,0.04,1.75,50.0,30.0,33.58,2.35,1.51,15.22,0.03,0,0.21,0.14,0.25,0.53,46.67
N. Palavecino,Defensa y Justicia,LAMF,LW,RCMF,22,300000,15,629,Argentina,Argentina,derecho,186,75,60.0,3.19,0.0,0.21,0.0,1.91,25.0,0.0,49.25,1.6,2.23,27.13,0.11,1,0.32,0.48,1.28,3.99,64.0
S. Medina,Tigre,LW,LAMF,,25,300000,33,1530,Argentina,Argentina,izquierdo,178,72,51.06,1.18,0.12,0.06,0.0,1.18,20.0,10.0,36.36,1.65,1.18,21.47,0.06,1,0.0,0.24,0.35,1.12,47.37
E. Pernía,Academia Puerto Cabello,CF,,,30,300000,27,1918,Venezuela,Venezuela,derecho,178,77,42.11,2.49,0.56,0.5,0.14,3.66,37.18,15.385,29.17,3.19,0.94,9.85,0.04,0,0.09,0.28,0.42,1.88,47.5
G. Mainero,Platense,RAMF,RW,,30,300000,44,3715,Argentina,Argentina,derecho,179,66,28.47,3.8,0.22,0.16,0.0,1.31,48.15,16.667,37.37,1.53,1.24,27.45,0.12,5,0.1,0.56,0.48,2.74,46.9
C. Auzqui,Atlético Tucumán,RW,RWF,,34,300000,22,1138,Argentina,Argentina,derecho,180,72,46.34,3.08,0.0,0.08,0.0,0.95,25.0,0.0,39.68,1.74,1.03,32.19,0.17,1,0.0,0.63,0.63,1.03,69.23
S. Coronel,Atlanta,LCMF,LWF,,25,300000,26,1433,Argentina,Argentina,derecho,170,72,45.45,3.14,0.06,0.14,0.0,2.07,15.15,3.03,36.81,0.38,0.69,47.04,0.2,1,0.38,0.69,1.07,3.64,51.72
L. Ambrogio,Atlanta,LW,LWF,CF,26,300000,25,1359,Argentina,Argentina,derecho,181,72,41.07,4.37,0.2,0.25,0.07,3.25,28.57,6.122,39.53,1.92,1.59,26.23,0.07,2,0.07,0.53,0.53,5.76,42.53
R. Ábila,Huracán,CF,,,35,300000,33,1376,Argentina,Argentina,derecho,177,93,25.29,1.11,0.07,0.24,0.0,1.57,25.0,4.167,27.13,3.47,0.92,16.09,0.07,1,0.26,0.13,0.98,0.92,42.86
J. Candia,Barracas Central,CF,RWF,RW,30,300000,32,1916,Uruguay,Uruguay,derecho,177,63,30.55,1.46,0.33,0.25,0.05,1.74,40.54,18.919,22.75,2.21,1.17,18.46,0.03,1,0.19,0.19,0.52,1.27,40.74
D. Juárez,Gimnasia Jujuy,RW,LWF,LW,24,300000,13,520,Argentina,Argentina,derecho,180,63,50.0,2.25,0.0,0.24,0.0,2.6,33.33,0.0,42.5,2.6,2.25,21.29,0.14,1,0.0,0.35,0.52,2.25,46.15
L. Di Yorio,Universidad de Chile,CF,,,28,2000000,50,2845,Argentina,"Argentina, Italy",derecho,186,83,44.08,1.9,0.41,0.44,0.06,2.15,47.06,19.118,25.07,3.57,1.33,14.24,0.04,0,0.03,0.09,0.66,2.15,36.76
D. Valencia,Universidad Católica,CF,LW,LWF,25,1500000,23,1412,Chile,Chile,derecho,185,74,36.59,1.21,0.19,0.22,0.06,1.15,33.33,16.667,32.17,2.1,1.85,17.4,0.03,1,0.13,0.32,0.7,1.21,52.63
J. Correa,Colo Colo,CF,,,32,1500000,39,3348,Argentina,Argentina,derecho,186,84,34.82,3.39,0.48,0.58,0.03,4.03,41.33,12.0,32.66,5.43,0.48,17.26,0.04,2,0.22,0.19,0.91,2.9,52.78
F. Martínez,Atlético GO,CF,RW,LAMF,29,1300000,31,1356,Uruguay,"Uruguay, Spain",derecho,175,72,33.93,2.19,0.13,0.31,0.0,2.06,32.26,6.452,35.29,3.92,1.73,17.26,0.02,1,0.13,0.13,0.8,1.79,62.96
M. Guerrero,Universidad de Chile,RWB,RWF,RAMF,25,1300000,33,2503,Chile,Chile,derecho,170,65,26.09,2.48,0.11,0.08,0.04,1.01,32.14,10.714,34.3,2.45,0.36,34.16,0.17,5,0.07,0.54,1.08,3.02,47.62
B. Palmezano,Atromitos,CF,RW,RWF,24,1200000,24,1188,Venezuela,Venezuela,izquierdo,163,62,6.67,4.39,0.23,0.25,0.0,1.89,40.0,12.0,37.79,2.58,1.59,30.38,0.23,2,0.61,0.45,1.67,5.08,47.76
J. Torres,Amazonas,RW,RAMF,LW,28,1200000,10,659,Argentina,Argentina,izquierdo,167,67,0.0,3.96,0.14,0.07,0.0,1.5,18.18,9.091,37.97,2.05,1.78,25.68,0.13,1,0.27,0.41,0.82,5.87,37.21
C. Zavala,Colo Colo,RW,RAMF,RWF,25,1200000,25,1049,Chile,Chile,derecho,175,70,38.46,4.03,0.09,0.11,0.0,1.63,36.84,5.263,28.92,2.83,0.6,25.91,0.19,3,0.09,0.94,1.37,3.78,43.18
A. Uribe,Unión Española,RAMF,RW,AMF,26,1000000,40,3558,Chile,Chile,izquierdo,167,70,23.81,4.27,0.15,0.14,0.0,2.0,37.97,7.595,31.79,1.9,1.49,44.14,0.17,5,0.4,0.66,1.01,4.35,45.93
C. Munder,Cobresal,LW,CF,LAMF,25,1000000,17,1556,Cuba,"Cuba, Chile",derecho,166,62,30.23,4.34,0.12,0.13,0.06,1.85,37.5,6.25,44.2,2.08,1.79,22.62,0.07,1,0.12,0.4,0.52,4.16,65.28
G. Graciani,Ñublense,RW,AMF,CF,31,850000,37,2402,Argentina,Argentina,derecho,180,75,43.42,3.26,0.11,0.26,0.07,2.1,37.5,5.357,28.09,4.98,0.56,26.9,0.17,3,0.07,0.56,1.24,3.22,48.84
R. Contreras,Universidad de Chile,CF,,,29,850000,40,2669,Argentina,Argentina,izquierdo,182,84,47.06,2.53,0.61,0.57,0.07,3.71,36.36,16.364,23.92,3.88,1.65,19.25,0.11,3,0.34,0.4,1.32,2.33,36.23
F. Chamorro,La Serena,LCMF,CF,AMF,23,800000,38,2157,Chile,Chile,izquierdo,184,75,36.28,1.67,0.21,0.19,0.08,1.67,30.0,12.5,28.34,2.09,1.25,25.49,0.06,1,0.25,0.42,0.92,2.25,40.74
F. Ovelar,Unión Española,RAMF,RWF,RW,21,800000,33,1863,Paraguay,Paraguay,izquierdo,172,71,46.51,4.2,0.14,0.22,0.05,2.22,34.78,6.522,32.55,2.42,1.79,25.85,0.1,1,0.29,0.39,1.11,5.75,41.18
C. Cuevas,Universidad Católica,LB,LWB,LW,30,750000,36,3017,Chile,Chile,izquierdo,174,70,57.69,2.18,0.03,0.05,0.0,0.54,33.33,5.556,45.26,1.31,1.76,38.3,0.13,7,0.21,0.45,0.81,1.61,51.85
L. Arriagada,Huachipato,CF,LW,,23,750000,13,515,Chile,Chile,derecho,184,73,31.43,3.15,0.35,0.26,0.17,2.62,53.33,13.333,36.99,3.67,2.1,18.87,0.06,0,0.17,0.17,0.7,2.27,61.54
M. Bolados,Colo Colo,CF,RWF,RW,29,750000,32,1423,Chile,Chile,derecho,172,71,40.51,3.54,0.38,0.24,0.13,1.83,44.83,20.69,42.22,5.25,1.83,29.54,0.07,2,0.0,0.32,1.01,3.54,60.71
D. Coelho,Cobresal,CF,,,30,750000,17,1403,Uruguay,Uruguay,izquierdo,182,81,32.63,1.15,0.38,0.3,0.06,1.6,56.0,24.0,12.5,2.44,0.32,12.44,0.03,0,0.0,0.19,0.32,0.45,28.57
L. Fernández,Universidad de Chile,CF,LWF,LAMF,34,700000,41,3257,Argentina,Argentina,derecho,182,88,42.86,6.0,0.39,0.41,0.0,4.31,31.41,8.974,47.56,3.29,0.69,32.55,0.21,11,0.41,0.77,1.77,4.37,64.56
S. Pino,Deportes Iquique,CF,,,31,700000,35,2946,Chile,Chile,,197,90,44.11,2.02,0.27,0.3,0.09,2.69,34.09,10.227,26.3,3.97,1.07,17.35,0.1,8,0.12,0.58,1.31,1.89,50.0
T. Vecino,Nizhny Novgorod,CF,,,26,700000,26,1599,Uruguay,"Uruguay, Italy",izquierdo,182,77,29.7,1.29,0.45,0.44,0.17,1.8,59.38,25.0,21.05,3.1,0.68,16.1,0.03,1,0.06,0.17,0.56,0.68,25.0
C. Martínez,Huachipato,LW,LAMF,LWF,32,700000,27,2090,Paraguay,"Paraguay, Chile",izquierdo,172,69,46.23,2.02,0.3,0.3,0.09,1.38,59.38,21.875,35.76,3.1,1.42,21.75,0.08,4,0.0,0.3,0.78,1.51,57.14
Á. Henríquez,La Serena,CF,,,31,700000,24,1466,Chile,Chile,derecho,175,73,28.21,1.35,0.18,0.25,0.06,1.9,35.48,9.677,26.63,3.44,1.04,16.08,0.06,1,0.06,0.25,0.86,1.6,38.46
J. Abrigo,Palestino,AMF,CF,,30,700000,44,3534,Chile,Chile,derecho,170,66,33.9,2.75,0.25,0.18,0.0,1.71,40.3,14.925,42.44,1.43,2.6,33.85,0.12,3,0.56,0.36,1.55,2.85,54.46
Kevin Méndez,Chungnam Asan,RWB,RAMF,RW,29,700000,14,1361,Uruguay,"Uruguay, Italy",derecho,175,71,52.17,4.3,0.07,0.12,0.0,1.45,45.45,4.545,38.6,2.58,1.72,34.58,0.1,1,0.33,0.33,1.19,4.23,51.56
Jader,Cuiabá,RWF,LW,LWF,22,700000,26,1725,Brazil,Brazil,derecho,172,67,26.47,2.14,0.26,0.26,0.05,1.88,25.0,13.889,42.07,2.14,1.51,22.85,0.04,0,0.16,0.21,0.42,1.98,68.42
C. Montes,Universidad Católica,LAMF,RW,LWF,24,650000,34,1999,Chile,Chile,derecho,178,75,42.31,4.14,0.23,0.23,0.09,2.03,28.89,11.111,42.52,3.47,2.03,20.08,0.12,1,0.05,0.5,0.45,4.46,61.62
J. Delgado,Everton,RB,RW,,32,600000,14,654,Chile,Chile,derecho,177,70,38.89,3.58,0.0,0.07,0.0,0.41,33.33,0.0,58.97,0.55,1.24,32.34,0.1,0,0.14,0.41,0.41,2.2,81.25
J. Montecinos,O'Higgins,RAMF,RW,,29,600000,21,1452,Colombia,"Colombia, Chile",derecho,173,73,43.75,4.9,0.19,0.16,0.06,2.54,39.02,7.317,38.58,2.6,0.68,24.42,0.26,1,0.06,0.56,0.74,4.28,52.17
I. Jeraldino,Unión Española,CF,,,29,600000,36,2594,Chile,"Chile, Italy",derecho,182,79,38.2,1.39,0.35,0.3,0.07,1.87,44.44,18.519,20.4,3.54,1.32,17.69,0.05,2,0.1,0.31,0.62,0.62,38.89
J. Marabel,Palestino,CF,,,27,600000,38,2620,Paraguay,Paraguay,derecho,186,79,49.62,1.75,0.38,0.41,0.14,2.51,45.21,15.068,16.24,4.43,0.76,17.45,0.03,0,0.03,0.14,0.55,0.96,42.86
B. Rabello,O'Higgins,AMF,LW,CF,31,600000,28,2340,Chile,"Chile, Spain",derecho,169,68,22.03,3.58,0.23,0.25,0.0,2.19,42.11,10.526,35.51,2.46,1.88,26.08,0.12,1,0.12,0.38,0.81,3.54,52.17
M. Sarrafiore,O'Higgins,CF,AMF,LW,28,600000,19,1121,Argentina,Argentina,izquierdo,180,70,40.43,4.01,0.16,0.16,0.0,2.73,26.47,5.882,41.67,1.53,0.72,27.7,0.09,1,0.32,0.4,1.53,5.3,50.0
M. Cavalleri,CSA,RW,LW,LB,27,600000,27,1377,Chile,"Chile, Spain",derecho,168,60,22.22,3.73,0.2,0.12,0.07,1.44,31.82,13.636,39.02,1.37,2.03,29.28,0.09,1,0.13,0.33,0.52,4.31,56.06
Y. Zapata,Deportes Limache,LW,LAMF,RW,24,550000,20,798,Colombia,Colombia,derecho,175,75,10.0,6.32,0.0,0.1,0.0,0.9,37.5,0.0,41.03,2.37,1.02,24.59,0.2,2,0.11,0.56,1.02,5.19,67.39
B. Carrasco,Palestino,RAMF,RW,RWF,34,550000,40,3193,Chile,Chile,derecho,171,70,20.27,2.82,0.31,0.22,0.0,1.16,48.78,26.829,30.73,2.2,0.79,23.28,0.2,5,0.08,0.54,0.7,1.35,45.83
A. Azócar,Coquimbo Unido,RAMF,RW,LAMF,24,550000,40,2592,Chile,Chile,izquierdo,180,72,24.04,2.88,0.1,0.11,0.0,1.49,32.56,6.977,36.36,2.43,1.67,19.93,0.05,0,0.1,0.17,0.73,3.26,50.0
B. Oyarzo,Ñublense,RW,RAMF,,29,500000,32,2465,Chile,Chile,derecho,165,64,17.54,5.59,0.26,0.15,0.0,1.42,51.28,17.949,35.96,3.18,1.06,25.67,0.22,4,0.18,0.91,1.42,6.68,51.37
L. Guerra,Deportes Limache,RW,RAMF,RWF,28,500000,36,3076,Venezuela,Venezuela,derecho,168,61,16.98,5.91,0.2,0.22,0.0,2.19,42.67,9.333,39.03,3.36,1.14,29.38,0.2,9,0.2,0.82,1.52,6.32,50.46
Y. Leiva,Curicó Unido,LCMF,LW,LAMF,27,500000,27,2048,Chile,Chile,derecho,166,63,33.33,2.24,0.04,0.13,0.0,2.02,30.43,2.174,47.02,1.36,1.41,38.36,0.13,3,0.4,0.4,1.05,1.63,54.05
J. Alfaro,Everton,RWF,RW,RAMF,23,500000,19,1232,Chile,Chile,derecho,176,74,22.86,4.38,0.07,0.1,0.0,1.68,17.39,4.348,41.67,3.0,1.39,33.97,0.23,2,0.37,1.02,1.83,4.16,54.39
J. Brea,Huachipato,LAMF,LW,RW,25,500000,29,1403,Argentina,Argentina,derecho,187,79,15.38,4.36,0.0,0.16,0.0,1.67,42.31,0.0,36.4,2.69,2.76,19.44,0.04,1,0.26,0.06,0.83,6.61,47.57
F. Mateos,Ñublense,RCMF,CF,,32,500000,26,1798,Argentina,Argentina,derecho,177,71,42.37,2.25,0.1,0.12,0.0,1.85,24.32,5.405,46.46,1.95,1.15,43.5,0.1,1,0.25,0.45,1.1,2.15,55.81
A. Riep,Audax Italiano,RW,LW,LWF,22,500000,27,1274,Argentina,Argentina,,0,0,45.0,3.18,0.14,0.17,0.07,1.7,45.83,8.333,35.59,2.9,1.2,25.43,0.11,1,0.21,0.21,1.06,3.18,48.89
M. Fuentes,Audax Italiano,LW,CF,LWF,27,500000,25,1686,Chile,Chile,derecho,177,71,34.57,2.78,0.11,0.18,0.0,1.55,24.14,6.897,36.77,3.15,1.76,21.89,0.13,4,0.05,0.64,0.85,3.84,50.0
C. Waterman,Coquimbo Unido,CF,,,34,500000,22,1397,Panama,Panama,derecho,181,73,35.29,2.77,0.52,0.64,0.0,2.9,42.22,17.778,36.73,4.51,1.16,14.04,0.07,1,0.13,0.39,0.64,2.32,58.33
P. Palacio,Ferro Carril Oeste,RW,AMF,RWF,25,500000,32,1862,Argentina,Argentina,derecho,180,74,31.11,3.09,0.0,0.05,0.0,1.21,20.0,0.0,35.08,1.64,0.77,32.38,0.14,1,0.19,0.44,0.92,2.95,52.46
J. Benítez,Palestino,LAMF,LW,LWF,33,450000,36,2274,Argentina,Argentina,izquierdo,176,75,38.46,4.43,0.08,0.14,0.0,1.5,23.68,5.263,40.56,2.77,0.99,26.99,0.16,4,0.12,0.59,0.79,4.08,61.17
E. Moreira,La Serena,CF,,,23,450000,21,1284,Chile,Chile,derecho,188,82,38.71,1.26,0.14,0.27,0.07,2.1,33.33,6.667,18.94,3.36,0.77,13.32,0.05,1,0.0,0.42,0.56,1.26,38.89
P. Sánchez,Ñublense,CF,LAMF,LW,27,450000,38,1643,Chile,Chile,derecho,179,66,28.21,1.64,0.11,0.17,0.0,1.26,30.43,8.696,25.47,3.34,0.49,16.87,0.08,1,0.11,0.44,1.1,1.48,59.26
M. Campos,Everton,CF,,,33,450000,24,931,Chile,Chile,derecho,177,77,21.62,0.97,0.1,0.21,0.0,1.45,20.0,6.667,20.51,2.8,1.26,13.82,0.01,1,0.0,0.1,0.19,2.32,25.0
L. Altamirano,Huachipato,CF,,,32,450000,35,3200,Argentina,Argentina,derecho,182,0,41.55,2.48,0.62,0.51,0.06,3.23,47.83,19.13,35.12,3.12,1.8,17.35,0.05,1,0.45,0.17,0.84,1.01,47.22
R. Fernández,Palestino,CF,,,34,450000,27,2072,Chile,Chile,derecho,184,75,51.28,2.39,0.35,0.34,0.04,2.52,39.66,13.793,32.85,4.21,1.56,20.98,0.05,1,0.3,0.35,1.3,1.91,50.0
J. Arias,Palestino,CF,,,32,450000,41,2505,Uruguay,Uruguay,derecho,176,64,25.54,1.51,0.22,0.24,0.04,1.83,41.18,11.765,27.54,2.66,0.57,17.17,0.07,2,0.07,0.4,0.86,1.47,43.9
M. Dávila,Deportes Iquique,LCMF,LW,,34,450000,43,3409,Chile,Chile,izquierdo,174,67,42.86,0.98,0.16,0.12,0.03,0.84,28.13,18.75,38.71,0.92,0.21,22.31,0.07,2,0.0,0.08,0.29,0.53,60.0
R. Farfán,Deportes Iquique,RWF,RAMF,,33,450000,16,576,Chile,Chile,derecho,174,68,40.0,3.44,0.16,0.12,0.0,1.56,20.0,10.0,25.37,3.59,1.25,25.31,0.03,0,0.31,0.16,0.63,3.91,28.0
M. Moya,Deportes Iquique,RAMF,RW,LW,27,450000,17,776,Argentina,"Argentina, Chile",derecho,167,63,20.0,3.13,0.0,0.11,0.0,1.86,0.0,0.0,35.96,1.62,0.93,37.46,0.01,0,0.35,0.12,0.81,4.64,57.5
C. Barrera,Cobresal,RB,RW,RWB,27,450000,27,1787,Chile,Chile,derecho,180,66,27.78,2.27,0.05,0.05,0.0,0.65,38.46,7.692,35.92,1.71,0.81,32.38,0.09,1,0.2,0.45,0.6,1.71,50.0
M. Borgnino,Alvarado,CF,AMF,RCMF,27,450000,27,1228,Argentina,"Argentina, Italy",izquierdo,176,70,34.62,1.69,0.07,0.06,0.0,2.27,29.03,3.226,41.94,0.81,1.76,29.17,0.1,5,0.07,0.22,0.29,1.54,42.86
J. Gaete,Cobresal,LWF,LW,RAMF,27,400000,16,656,Chile,Chile,derecho,175,71,33.33,3.16,0.14,0.19,0.0,3.16,26.09,4.348,29.41,4.12,0.41,14.82,0.05,0,0.27,0.27,0.82,5.49,37.5
Cris Montes,,RW,AMF,RWF,27,400000,20,995,Spain,Spain,izquierdo,163,60,10.0,1.81,0.0,0.08,0.0,1.09,16.67,0.0,37.31,1.36,0.81,35.73,0.08,0,0.27,0.36,0.63,1.54,52.94
J. Dos Santos,Mushuc Runa,CF,,,33,400000,15,795,Uruguay,Uruguay,derecho,178,79,36.71,0.57,0.23,0.15,0.23,1.36,41.67,16.667,25.45,2.38,0.91,16.53,0.06,1,0.0,0.23,0.68,0.11,0.0
F. Zampedri,Universidad Católica,CF,,,37,400000,35,3320,Argentina,Argentina,derecho,185,83,42.92,1.38,0.49,0.5,0.05,2.22,46.34,21.951,25.48,3.01,1.44,11.52,0.03,1,0.03,0.05,0.22,0.84,29.03
Y. Gonzalez,Unión San Felipe,RB,RW,,23,400000,24,1951,Chile,Chile,derecho,180,0,50.0,1.48,0.0,0.01,0.0,0.42,33.33,0.0,32.31,0.65,0.55,31.51,0.09,1,0.14,0.32,0.18,0.74,37.5
C. Palacios,Everton,CF,,,34,400000,27,1481,Uruguay,Uruguay,derecho,171,68,17.65,1.88,0.43,0.4,0.12,3.89,31.25,10.938,32.14,3.77,1.15,17.81,0.07,2,0.12,0.24,0.18,1.09,33.33
M. Briceño,Huachipato,RAMF,RW,RWF,29,400000,29,1402,Chile,Chile,derecho,180,75,40.48,4.56,0.32,0.24,0.06,1.6,56.0,20.0,38.54,2.57,1.03,22.4,0.09,3,0.13,0.45,0.64,4.56,61.97
G. Jara,La Serena,CF,LW,RW,26,400000,34,2570,Chile,Chile,derecho,171,68,0.0,4.34,0.35,0.15,0.0,2.56,39.73,13.699,42.02,1.44,0.39,38.28,0.2,2,0.56,0.56,1.65,3.92,55.36
P. Aránguiz,Unión Española,LAMF,LW,LWF,28,400000,38,3303,Chile,Chile,derecho,165,66,28.57,3.92,0.38,0.26,0.0,1.88,40.58,20.29,44.76,2.83,1.83,37.0,0.26,6,0.54,0.87,1.96,4.11,51.66
A. Castillo,O'Higgins,CF,,,28,400000,26,1516,Paraguay,Paraguay,derecho,186,78,47.17,1.19,0.12,0.34,0.06,2.97,26.0,4.0,19.64,5.11,0.83,20.54,0.09,2,0.0,0.36,0.71,0.83,28.57
P. Guajardo,Audax Italiano,RW,RAMF,RWF,22,400000,34,1648,Chile,Chile,derecho,177,63,16.0,3.71,0.05,0.16,0.05,1.75,25.0,3.125,46.15,3.22,1.15,18.79,0.05,1,0.05,0.11,0.82,4.75,57.47
C. González,Deportes Iquique,RWF,RAMF,LWF,28,400000,38,2621,Chile,Chile,derecho,175,0,31.94,4.74,0.21,0.22,0.03,1.79,44.23,11.538,41.91,3.71,1.17,27.5,0.21,3,0.14,0.69,0.96,4.26,57.26
N. Guerra,Universidad de Chile,CF,LWF,,26,400000,41,2288,Chile,Chile,derecho,174,78,28.21,2.64,0.43,0.42,0.0,3.03,45.45,14.286,27.1,4.68,1.06,24.15,0.12,5,0.2,0.51,1.1,2.24,45.61
L. Palacios,Audax Italiano,CF,RWF,,30,350000,28,1565,Argentina,Argentina,derecho,179,83,32.57,1.67,0.35,0.4,0.06,1.67,48.28,20.69,24.18,3.57,0.81,17.77,0.13,2,0.0,0.35,0.86,1.78,38.71
L. Valencia,Audax Italiano,CF,AMF,,34,350000,29,2721,Chile,Chile,derecho,169,62,30.77,3.24,0.5,0.43,0.0,2.68,45.68,18.519,36.86,1.46,1.82,31.92,0.19,6,0.63,0.53,1.69,2.65,48.75
A. Vilches,Cobresal,CF,,,33,350000,24,1215,Chile,Chile,derecho,182,80,34.04,1.19,0.3,0.36,0.0,1.33,50.0,22.222,22.4,2.37,1.19,16.22,0.02,1,0.0,0.07,0.37,1.41,36.84
G. Álvarez,Deportes Limache,CF,LWF,RW,28,325000,16,967,Chile,Chile,izquierdo,173,68,25.0,2.98,0.09,0.15,0.0,1.4,33.33,6.667,27.78,1.95,0.65,25.59,0.09,1,0.37,0.28,1.12,4.75,39.22
L. Riveros,Audax Italiano,CF,LW,RW,27,300000,32,2332,Paraguay,Paraguay,derecho,178,70,53.15,3.74,0.12,0.16,0.0,1.2,41.94,9.677,39.27,2.74,0.89,24.31,0.07,2,0.23,0.27,1.12,3.55,68.48
J. Vargas,La Serena,LW,LAMF,AMF,27,300000,19,1503,Chile,Chile,derecho,169,72,41.18,3.47,0.42,0.28,0.0,3.29,29.09,12.727,36.87,1.08,1.74,37.72,0.21,5,0.54,0.6,1.2,3.65,47.54
F. Barrientos,Rangers,RB,LW,,28,300000,17,711,Chile,Chile,derecho,167,74,33.33,2.28,0.0,0.23,0.0,1.01,62.5,0.0,30.16,2.03,1.01,34.68,0.05,0,0.0,0.13,0.63,2.41,36.84
C. Insaurralde,Unión La Calera,CF,LWF,LW,34,300000,30,2155,Argentina,Argentina,izquierdo,180,72,36.78,6.14,0.17,0.22,0.04,1.71,39.02,9.756,39.88,4.05,1.42,23.93,0.24,6,0.25,1.09,1.04,6.77,53.09
J. Cornejo,Coquimbo Unido,LB,LW,,35,300000,41,3403,Chile,Chile,izquierdo,177,78,59.81,1.72,0.05,0.03,0.0,0.4,40.0,13.333,41.38,0.5,0.79,33.56,0.18,6,0.03,0.29,0.4,0.74,53.57
T. Figueroa,Antofagasta,CF,,,33,300000,28,1945,Argentina,Argentina,izquierdo,191,87,47.13,1.99,0.6,0.63,0.09,3.1,47.76,19.403,25.64,4.16,1.11,16.94,0.07,1,0.23,0.28,0.79,1.25,37.04
W. Viera,Cerro Porteño,LCMF,LW,LDMF,23,3000000,37,2159,Paraguay,Paraguay,izquierdo,182,72,58.93,1.25,0.08,0.08,0.04,1.42,20.59,5.882,36.28,1.04,1.0,37.39,0.1,2,0.29,0.33,0.83,0.5,75.0
I. Franco,Libertad,RW,RAMF,LW,25,2200000,38,2497,Paraguay,Paraguay,derecho,170,66,34.01,1.98,0.14,0.21,0.04,1.12,48.39,12.903,36.57,2.6,1.44,32.4,0.09,1,0.22,0.36,0.9,2.34,43.08
D. González,Olimpia,CF,LW,,31,2200000,39,2434,Paraguay,Paraguay,derecho,175,75,16.67,2.18,0.3,0.29,0.0,1.85,44.0,16.0,26.78,3.55,0.89,21.52,0.1,5,0.26,0.52,1.15,2.59,35.71
I. Aliseda,Cerro Porteño,LAMF,CF,LW,25,2000000,27,1556,Argentina,Argentina,derecho,169,69,34.29,2.89,0.35,0.3,0.12,2.43,40.48,14.286,37.43,3.76,1.21,35.11,0.13,3,0.0,0.35,1.16,2.72,59.57
S. Araújo,Cerro Porteño,CF,AMF,LW,33,1500000,22,1324,Argentina,Argentina,derecho,180,82,43.86,1.84,0.54,0.49,0.07,2.72,37.5,20.0,42.25,3.87,1.02,28.89,0.06,0,0.34,0.2,1.22,0.95,50.0
C. Domínguez,Cerro Porteño,LW,CF,RW,30,1500000,27,1893,Paraguay,Paraguay,derecho,179,73,25.81,4.18,0.24,0.43,0.05,2.52,39.62,9.434,43.07,3.95,2.61,28.48,0.18,8,0.38,0.62,1.47,4.8,51.49
Francisco da Costa,Mirassol,CF,,,30,850000,45,2532,Brazil,Brazil,derecho,185,74,37.41,2.03,0.39,0.37,0.07,2.2,41.94,17.742,23.83,4.27,0.78,19.05,0.08,3,0.43,0.25,1.28,2.38,38.81
L. Melgarejo,Libertad,LW,LAMF,CF,34,800000,37,2797,Paraguay,Paraguay,izquierdo,177,75,44.96,3.41,0.26,0.42,0.1,2.61,38.27,9.877,41.22,4.34,1.64,23.88,0.11,2,0.13,0.32,0.9,2.83,51.14
J. Iturbe,Cerro Porteño,RW,CF,RAMF,32,800000,41,2655,Argentina,"Argentina, Paraguay",izquierdo,171,66,46.67,3.73,0.51,0.36,0.0,2.81,39.76,18.072,44.78,3.19,1.73,19.02,0.08,2,0.17,0.27,1.08,3.19,67.02
M. Fernández,Libertad,CF,RAMF,RW,23,800000,44,2345,Paraguay,Paraguay,derecho,178,72,37.11,3.26,0.12,0.28,0.0,2.72,35.21,4.225,34.14,2.38,1.96,20.88,0.08,1,0.19,0.19,0.88,3.49,48.35
D. Fernández,Guaraní,LW,RW,LAMF,22,700000,34,2155,Paraguay,Paraguay,izquierdo,170,64,38.46,2.46,0.33,0.3,0.04,2.26,40.74,14.815,31.91,2.34,0.84,27.56,0.05,1,0.13,0.25,0.63,2.13,47.06
D. Rodríguez,Guaraní,LW,LAMF,CF,27,700000,35,1919,Paraguay,Paraguay,derecho,176,76,36.56,4.22,0.09,0.11,0.0,1.31,42.86,7.143,35.79,3.14,1.92,27.3,0.1,3,0.05,0.33,0.98,5.07,52.78
R. Prieto,Nacional Asunción,LW,LAMF,,28,700000,41,2718,Paraguay,Paraguay,izquierdo,181,68,48.7,2.78,0.17,0.17,0.0,1.99,26.67,8.333,39.67,2.35,1.66,26.42,0.11,3,0.1,0.26,0.76,2.55,53.25
A. Samudio,Sportivo Ameliano,RW,CF,RAMF,26,600000,38,2298,Paraguay,Paraguay,derecho,171,69,36.27,2.7,0.12,0.15,0.0,1.29,33.33,9.091,36.08,2.86,0.94,18.96,0.09,2,0.0,0.31,0.47,3.21,52.44
J. Recalde,Libertad,AMF,CF,LCMF,33,600000,27,988,Paraguay,Paraguay,derecho,178,83,37.5,1.55,0.27,0.2,0.0,2.19,37.5,12.5,41.54,1.28,0.64,28.24,0.1,1,0.18,0.18,0.73,0.55,50.0
H. Martínez,Libertad,AMF,LCMF,CF,25,500000,38,2014,Paraguay,Paraguay,derecho,170,68,43.75,3.04,0.04,0.11,0.04,1.52,35.29,2.941,44.44,1.07,1.97,51.17,0.2,6,0.13,0.49,1.43,2.55,56.14
F. Carrizo,Cerro Porteño,LW,CF,RW,34,500000,50,3435,Argentina,Argentina,derecho,174,70,21.74,2.65,0.18,0.15,0.0,1.15,43.18,15.909,42.65,1.23,1.65,47.74,0.22,5,0.34,0.68,1.28,2.49,47.37
B. Montenegro,Aucas,CF,,,32,500000,28,1952,Paraguay,"Paraguay, Italy",izquierdo,181,75,45.83,1.15,0.41,0.41,0.28,2.31,42.0,18.0,18.46,3.32,0.23,13.19,0.07,0,0.05,0.28,0.55,0.18,25.0
L. Rodríguez,San Miguel,RAMF,RW,RCMF,28,500000,13,759,Uruguay,Uruguay,izquierdo,168,60,0.0,3.97,0.36,0.11,0.0,1.24,40.0,20.0,56.0,2.23,1.24,38.73,0.23,2,0.5,0.62,1.74,4.34,62.86
C. Espínola,Nacional Asunción,RB,RW,LB,25,500000,8,585,Paraguay,Paraguay,derecho,172,65,58.97,2.0,0.0,0.06,0.0,1.23,37.5,0.0,26.32,1.38,0.46,25.38,0.03,0,0.0,0.31,0.92,1.08,42.86
R. Redes,Olimpia,RW,RAMF,,25,500000,53,4503,Paraguay,Paraguay,derecho,173,72,37.9,3.48,0.28,0.17,0.02,1.7,43.53,16.471,41.01,2.58,1.5,24.12,0.16,5,0.12,0.54,0.54,2.54,52.76
C. Arrúa,Nacional Asunción,AMF,CF,LCMF,28,500000,31,1295,Paraguay,Paraguay,derecho,172,70,22.22,3.54,0.28,0.2,0.0,3.34,35.42,8.333,39.42,1.81,1.18,33.71,0.15,3,0.21,0.56,1.67,3.75,48.15
Feliciano Brizuela,ABC,RW,LW,,28,400000,18,1494,Paraguay,Paraguay,derecho,175,70,40.43,2.77,0.0,0.13,0.0,1.08,38.89,0.0,34.97,2.59,0.84,26.93,0.11,5,0.06,0.54,0.84,3.92,44.62
A. Pereira,Guaraní,CF,,,25,400000,34,1061,Paraguay,Paraguay,derecho,179,78,36.27,1.7,0.51,0.52,0.0,2.46,34.48,20.69,25.23,3.82,1.61,14.67,0.06,0,0.08,0.08,0.51,1.36,56.25
E. Alfonso,2 de Mayo,RW,RAMF,,25,400000,26,1918,Paraguay,Paraguay,derecho,172,72,40.91,4.69,0.05,0.18,0.0,1.41,46.67,3.333,37.45,2.49,0.66,31.81,0.19,1,0.47,0.7,1.31,4.04,60.47
A. Silva,Deportivo Recoleta,LCMF,RCMF,RW,35,400000,42,2710,Uruguay,Uruguay,derecho,178,67,29.03,2.42,0.3,0.27,0.0,1.49,40.0,20.0,35.71,1.06,0.6,52.07,0.13,3,0.23,0.27,1.39,2.59,51.28
F. Fernández,Guaraní,CF,AMF,,33,400000,45,3175,Paraguay,Paraguay,derecho,180,83,23.67,1.33,0.45,0.34,0.0,1.96,43.48,23.188,36.97,2.72,0.85,21.17,0.08,3,0.11,0.31,0.71,0.62,50.0
F. Vera,Sportivo Ameliano,RW,RAMF,,27,400000,22,763,Paraguay,Paraguay,derecho,179,68,38.1,5.66,0.12,0.16,0.0,0.94,62.5,12.5,37.18,2.48,0.83,23.59,0.21,3,0.0,0.83,0.47,4.6,56.41
Brahian Ayala,Sportivo Luqueño,LW,LAMF,,30,400000,37,1951,Paraguay,Paraguay,izquierdo,178,75,33.33,3.18,0.42,0.31,0.0,3.14,25.0,13.235,39.33,1.85,1.57,28.42,0.12,2,0.05,0.28,0.83,2.86,46.77
D. Santacruz,Nacional Asunción,CF,,,30,400000,28,1566,Paraguay,Paraguay,derecho,180,74,27.17,1.72,0.29,0.22,0.06,1.15,50.0,25.0,26.34,2.47,1.21,25.52,0.07,1,0.23,0.17,0.57,1.61,60.71
D. Duarte,Nacional Asunción,CF,,,23,350000,23,1106,Paraguay,Paraguay,derecho,177,77,34.12,1.38,0.24,0.4,0.08,2.12,34.62,11.538,33.96,3.09,1.06,10.58,0.02,0,0.08,0.0,0.33,1.46,38.89
W. González,Sportivo Luqueño,CF,,,30,350000,44,2497,Paraguay,Paraguay,derecho,185,79,41.61,1.69,0.36,0.34,0.14,2.41,44.78,14.925,30.73,2.74,1.48,18.99,0.03,1,0.0,0.18,0.36,0.83,56.52
R. Ruiz Díaz,2 de Mayo,CF,,,26,350000,36,2223,Paraguay,Paraguay,derecho,184,78,34.17,1.13,0.28,0.33,0.04,1.62,35.0,17.5,22.5,2.55,0.93,13.81,0.1,4,0.0,0.36,0.85,0.93,47.83
A. Álvarez,Sportivo Trinidense,CF,AMF,,27,350000,31,1683,Paraguay,Paraguay,derecho,176,73,36.36,2.73,0.11,0.35,0.05,1.82,32.35,5.882,30.68,3.69,1.5,22.46,0.13,3,0.11,0.7,1.66,2.78,53.85
M. Maciel,Antigua GFC,RW,LW,RAMF,25,350000,24,674,Paraguay,Paraguay,izquierdo,162,66,21.43,5.47,0.27,0.13,0.0,3.74,28.57,7.143,30.84,1.47,0.4,21.9,0.08,4,0.4,0.27,0.53,7.34,49.09
S. Díaz,Sportivo Luqueño,CF,RW,LW,27,350000,21,1197,Paraguay,Paraguay,derecho,170,65,26.67,3.31,0.3,0.4,0.0,2.41,40.63,12.5,43.35,1.8,2.18,28.05,0.01,0,0.0,0.08,0.15,3.61,64.58
N. Maná,Deportivo Madryn,RW,CF,RWF,31,325000,35,2004,Argentina,Argentina,derecho,178,73,16.36,3.32,0.09,0.18,0.0,1.8,32.5,5.0,36.64,2.16,1.3,24.75,0.1,1,0.13,0.36,0.63,4.0,46.07
C. Ocampos,Sportivo Ameliano,CF,,,25,300000,30,1769,Paraguay,Paraguay,derecho,185,0,43.08,1.58,0.25,0.33,0.1,2.04,35.0,12.5,25.14,3.97,1.07,17.55,0.08,1,0.0,0.25,0.92,1.27,56.0
A. Contrera,Sportivo Ameliano,RW,LW,,33,300000,25,1541,Paraguay,Paraguay,izquierdo,185,70,26.92,2.69,0.06,0.06,0.0,1.34,34.78,4.348,50.56,1.75,0.99,31.6,0.24,5,0.12,0.47,0.99,1.87,56.25
I. Torres,Sportivo Luqueño,LB,LCMF,LW,34,300000,43,3235,Paraguay,Paraguay,izquierdo,178,81,49.49,1.81,0.0,0.07,0.0,0.7,28.0,0.0,41.07,0.78,0.61,27.29,0.06,1,0.06,0.22,0.28,1.64,50.85
M. Martínez,2 de Mayo,RW,LW,,30,300000,35,2260,Paraguay,Paraguay,derecho,169,64,24.62,2.35,0.04,0.06,0.0,0.88,50.0,4.545,37.25,1.55,1.43,29.47,0.08,1,0.08,0.36,0.48,2.63,54.55
J. Sánchez,Guaraní,RAMF,RW,CF,25,300000,24,1262,Ecuador,Ecuador,derecho,175,0,48.28,1.85,0.07,0.08,0.0,1.0,35.71,7.143,40.24,2.07,1.5,29.38,0.1,1,0.14,0.43,1.0,1.71,41.67
E. López,Olimpia,LW,LAMF,CF,23,300000,33,1569,Paraguay,Paraguay,derecho,176,68,18.18,2.64,0.17,0.16,0.0,1.32,39.13,13.043,35.43,2.47,1.66,26.9,0.1,1,0.06,0.4,1.61,4.07,45.07
D. Torres,Amazonas,AMF,CF,RW,22,300000,32,1891,Paraguay,Paraguay,derecho,179,64,43.28,3.0,0.19,0.11,0.0,1.38,31.03,13.793,42.25,2.52,1.71,31.55,0.09,1,0.29,0.19,0.95,3.43,45.83
L. Comas,Sportivo Luqueño,RW,LW,RAMF,30,300000,40,2094,Argentina,"Argentina, Italy",derecho,172,73,26.32,3.09,0.04,0.08,0.0,1.07,44.0,4.0,43.1,1.42,1.89,19.3,0.14,6,0.09,0.34,0.95,3.27,55.26
I. Díaz,Universidad Católica,LAMF,LW,CF,28,1500000,39,3212,Panama,Panama,derecho,190,80,36.73,2.91,0.59,0.53,0.03,2.69,37.5,21.875,31.93,4.01,0.7,24.8,0.08,3,0.22,0.34,1.65,3.5,43.2
M. Estrada,LDU Quito,CF,AMF,,29,1500000,34,1548,Ecuador,Ecuador,derecho,187,77,47.37,2.7,0.47,0.49,0.12,2.88,30.61,16.327,34.09,4.23,1.88,13.93,0.07,2,0.29,0.47,1.12,3.06,50.0
A. Alvarado,LDU Quito,LWF,LCMF,LW,26,1500000,38,2594,Ecuador,Ecuador,derecho,165,69,33.33,2.42,0.21,0.17,0.07,1.72,30.61,12.245,38.31,2.35,1.51,38.43,0.13,7,0.14,0.56,1.62,2.53,50.0
J. Medina,LDU Quito,CF,,,30,1200000,39,2373,Colombia,Colombia,derecho,180,74,25.0,1.86,0.49,0.39,0.11,2.09,52.73,23.636,29.68,4.48,0.91,17.56,0.12,1,0.04,0.38,1.21,1.37,38.89
L. Hernández,Vinotinto de Ecuador,CF,,,24,1000000,15,544,Venezuela,Venezuela,derecho,181,73,26.32,1.49,0.33,0.32,0.17,2.15,61.54,15.385,11.11,4.14,0.0,10.75,0.01,0,0.0,0.0,0.17,0.5,33.33
B. Oyola,Barcelona,RAMF,AMF,CF,29,1000000,36,2108,Argentina,Argentina,izquierdo,158,56,23.08,5.34,0.0,0.08,0.0,1.45,52.94,0.0,40.46,1.41,1.75,35.52,0.27,6,0.51,0.98,1.54,5.17,53.72
R. López,Vitória,CF,,,31,1000000,37,3124,Uruguay,Uruguay,derecho,191,83,41.38,1.44,0.37,0.38,0.14,2.22,48.05,16.883,26.38,3.11,0.89,10.98,0.05,2,0.09,0.2,0.55,0.78,29.63
J. Cifuente,El Nacional,CF,,,33,850000,23,852,Ecuador,Ecuador,derecho,179,77,28.57,2.11,0.32,0.35,0.0,3.49,30.3,9.091,37.21,4.33,0.32,11.73,0.06,0,0.0,0.21,0.85,1.27,75.0
A. Rodríguez,Independiente del Valle,LW,RAMF,,25,850000,30,1730,Ecuador,Ecuador,derecho,176,72,34.78,4.11,0.26,0.13,0.0,1.35,53.85,19.231,33.01,3.02,1.35,28.14,0.18,3,0.1,0.78,1.51,4.42,47.06
F. Castelli,Emelec,CF,,,30,800000,16,1282,Argentina,Argentina,derecho,183,78,46.15,2.53,0.28,0.16,0.07,1.54,59.09,18.182,44.7,3.3,2.6,13.83,0.08,0,0.0,0.35,0.35,2.18,64.52
M. Hoyos,Independiente del Valle,CF,,,33,750000,37,1594,Argentina,"Argentina, Ecuador",izquierdo,181,78,44.62,2.15,0.56,0.57,0.17,2.77,55.1,20.408,34.31,3.84,1.36,17.16,0.09,2,0.17,0.28,0.45,1.07,47.37
H. Batalla,Delfin,RW,LAMF,LW,27,700000,20,629,Ecuador,Ecuador,derecho,178,67,12.5,2.72,0.29,0.19,0.0,1.0,57.14,28.571,28.07,1.29,1.43,38.06,0.11,0,0.29,0.43,1.43,3.29,47.83
G. Cortéz,Barcelona,CF,AMF,,29,650000,34,1853,Ecuador,Ecuador,derecho,179,70,24.14,2.23,0.44,0.29,0.05,2.91,35.0,15.0,34.27,2.04,1.46,27.83,0.22,5,0.44,0.44,1.51,1.6,42.42
J. Ruiz,Emelec,LAMF,LW,RAMF,31,650000,31,1988,Argentina,Argentina,derecho,169,70,21.74,2.9,0.09,0.15,0.05,1.63,33.33,5.556,39.15,2.31,1.81,28.34,0.06,0,0.18,0.14,0.54,2.67,54.24
F. Mina,LDU Quito,LW,LWF,AMF,26,600000,12,580,Ecuador,Ecuador,derecho,171,68,25.0,3.41,0.0,0.16,0.0,2.64,17.65,0.0,48.28,3.26,2.02,29.17,0.11,0,0.16,0.62,1.71,3.88,56.0
W. Corozo,Emelec,LAMF,LW,RW,26,600000,23,1173,Ecuador,Ecuador,derecho,180,71,24.07,3.76,0.31,0.27,0.0,2.07,44.44,14.815,34.68,2.61,1.3,22.02,0.08,2,0.23,0.38,1.0,4.3,50.0
M. Parrales,Barcelona,CF,,,29,600000,34,2861,Ecuador,Ecuador,derecho,181,68,34.44,1.57,0.53,0.44,0.13,1.92,62.3,27.869,27.07,2.99,1.54,16.52,0.08,3,0.25,0.31,0.94,0.72,30.43
B. Palacios,Universidad Católica,CF,,,30,600000,37,2195,Ecuador,Ecuador,derecho,185,81,46.15,2.42,0.74,0.56,0.12,2.75,52.24,26.866,30.34,4.67,1.03,17.3,0.11,3,0.12,0.49,0.94,1.31,53.13
Renato Ibarra,Independiente del Valle,RW,LAMF,RAMF,34,600000,35,2163,Ecuador,Ecuador,derecho,175,73,54.55,4.37,0.17,0.17,0.0,2.12,29.41,7.843,44.18,2.45,1.75,35.7,0.17,2,0.21,0.71,1.33,3.74,61.11
A. Mina,Aucas,RCMF,RW,RAMF,26,500000,31,2431,Ecuador,Ecuador,derecho,178,74,40.98,2.0,0.07,0.13,0.0,1.07,20.69,6.897,38.03,1.48,0.96,30.62,0.05,1,0.0,0.15,0.74,3.11,51.19
L. Alzugaray,LDU Quito,RWF,RW,RAMF,35,500000,43,2547,Argentina,Argentina,izquierdo,176,69,29.63,2.79,0.39,0.21,0.0,2.5,28.99,15.942,33.92,2.43,1.2,32.32,0.15,6,0.4,0.62,1.52,2.68,48.65
J. Borja,El Nacional,LW,LAMF,CF,31,500000,18,1153,Ecuador,Ecuador,derecho,178,70,36.36,2.97,0.08,0.1,0.0,1.64,52.38,4.762,37.91,1.48,1.8,30.21,0.05,0,0.16,0.08,1.01,2.97,55.26
M. Solís,Emelec,CF,RW,RAMF,31,500000,31,2406,Ecuador,Ecuador,derecho,0,0,27.42,2.66,0.04,0.09,0.0,0.9,41.67,4.167,37.35,2.62,1.01,23.0,0.06,2,0.11,0.49,1.01,3.48,51.61
J. Cazares,Independiente del Valle,RCMF,AMF,CF,33,500000,30,1769,Ecuador,Ecuador,derecho,171,63,28.57,2.49,0.15,0.11,0.0,1.32,38.46,11.538,50.0,1.02,0.61,49.45,0.19,4,0.51,0.61,1.37,1.48,68.97
Robert Burbano,Mushuc Runa,RW,RAMF,,30,450000,25,1972,Ecuador,Ecuador,derecho,180,70,20.59,2.56,0.09,0.07,0.0,0.55,33.33,16.667,31.72,2.28,0.73,26.15,0.2,2,0.09,0.64,1.0,2.83,40.32
O. Rivero,Barcelona,CF,,,33,450000,39,3465,Uruguay,"Uruguay, Spain",derecho,188,82,34.78,1.82,0.52,0.36,0.16,2.34,41.11,22.222,29.7,3.58,1.04,18.0,0.05,2,0.16,0.23,0.81,1.25,43.75
Joaquín Vergés,Mushuc Runa,AMF,CF,,33,400000,25,1262,Uruguay,Uruguay,derecho,169,65,37.84,3.71,0.14,0.22,0.0,4.14,31.03,3.448,42.48,2.35,1.14,27.31,0.28,6,0.21,0.57,1.64,1.93,74.07
N. Servetto,Gimnasia Mendoza,CF,,,29,400000,28,1141,Argentina,Argentina,derecho,181,80,48.67,1.1,0.16,0.32,0.08,2.29,27.59,6.897,20.0,3.31,0.95,18.14,0.03,0,0.0,0.16,0.47,0.87,45.45
S. González,Racing Córdoba,CF,,,30,400000,32,2472,Argentina,Argentina,derecho,178,71,32.12,2.91,0.25,0.25,0.11,1.78,40.82,14.286,33.56,3.6,1.6,21.08,0.13,5,0.07,0.76,0.55,2.77,51.32
R. Briones,Independiente del Valle,LW,LAMF,RW,25,400000,29,1773,Ecuador,Ecuador,derecho,177,70,40.0,4.31,0.15,0.2,0.0,1.98,38.46,7.692,40.56,2.34,2.03,20.76,0.18,3,0.2,0.61,0.81,4.92,51.55
T. Chamba,Emelec,CF,AMF,RCMF,20,350000,17,628,Ecuador,Ecuador,izquierdo,172,72,45.0,1.58,0.14,0.08,0.0,1.29,11.11,11.111,50.0,1.72,3.73,29.38,0.1,1,0.29,0.29,1.0,2.29,37.5
W. Herrera,Orense,CF,LW,LAMF,27,350000,35,2500,Argentina,Argentina,derecho,181,0,41.18,2.81,0.32,0.31,0.04,1.51,47.62,21.429,36.66,3.06,1.94,18.22,0.08,1,0.07,0.25,0.76,3.49,49.48
M. Díaz,LDU Quito,RW,LAMF,LW,23,350000,25,1402,Ecuador,Ecuador,,177,0,27.27,2.82,0.0,0.04,0.0,0.64,20.0,0.0,42.17,1.54,2.18,24.33,0.07,2,0.13,0.19,0.64,3.15,57.14
M. Alonso,Universidad Católica,RW,RWB,LW,31,350000,37,1902,Uruguay,Uruguay,izquierdo,171,71,37.25,5.02,0.14,0.12,0.0,1.85,30.77,7.692,52.69,2.08,0.71,29.67,0.14,4,0.09,0.43,0.9,3.74,56.96
E. Mejía,Universidad Católica,LW,LWB,LB,25,350000,36,2310,Ecuador,Ecuador,izquierdo,0,0,30.56,4.36,0.12,0.15,0.0,1.32,38.24,8.824,47.37,3.23,1.13,31.44,0.08,2,0.04,0.62,0.47,4.29,58.18
L. Mancinelli,Deportivo Cuenca,RAMF,CF,,36,350000,30,2486,Argentina,Argentina,derecho,168,68,20.0,2.46,0.22,0.09,0.07,1.34,43.24,16.216,36.87,1.59,1.48,32.62,0.13,4,0.25,0.54,0.91,1.74,39.58
A. Rodríguez,Deportivo Cuenca,CF,AMF,,29,350000,33,1483,Argentina,Argentina,derecho,170,71,27.87,1.88,0.42,0.38,0.0,1.94,56.25,21.875,32.84,3.76,2.0,22.33,0.07,2,0.18,0.36,1.52,1.58,46.15
D. Valencia,Manta,CF,,,29,325000,34,3186,Ecuador,Ecuador,,0,0,37.25,1.41,0.54,0.34,0.2,1.92,45.59,27.941,29.06,3.28,1.38,17.37,0.05,3,0.08,0.23,0.73,0.59,47.62
G. Asprilla,El Nacional,CF,,,31,300000,13,523,Ecuador,Ecuador,derecho,179,80,34.55,1.55,0.17,0.21,0.0,1.38,25.0,12.5,27.85,3.61,2.75,12.56,0.02,0,0.0,0.34,0.52,2.41,42.86
P. Perlaza,Mushuc Runa,RB,RW,,34,300000,8,585,Ecuador,Ecuador,derecho,181,77,50.0,3.85,0.0,0.06,0.0,0.62,75.0,0.0,50.0,0.77,1.08,23.54,0.15,0,0.0,0.15,0.31,2.46,68.75
R. Celis,Técnico Universitario,LW,CF,AMF,29,300000,19,1273,Venezuela,Venezuela,derecho,178,71,41.18,4.6,0.07,0.34,0.0,2.19,38.71,3.226,46.03,2.9,2.19,29.06,0.2,1,0.07,0.57,1.13,5.02,61.97
R. Luna,Orense,AMF,RAMF,RW,30,300000,29,1513,Argentina,Argentina,izquierdo,178,79,36.0,2.91,0.06,0.12,0.0,1.13,21.05,5.263,35.08,2.32,0.83,40.33,0.09,2,0.24,0.42,1.43,3.81,46.88
L. Pantoja,Imbabura,AMF,CF,RAMF,33,300000,28,2203,Ecuador,Ecuador,derecho,170,68,43.75,2.66,0.25,0.33,0.0,3.23,31.65,7.595,46.71,2.45,1.76,28.31,0.17,3,0.12,0.65,0.78,1.72,59.52
A. Muñoz,Macará,RAMF,RW,LAMF,27,300000,29,2587,Ecuador,Ecuador,derecho,166,60,29.17,3.48,0.21,0.17,0.03,1.11,56.25,18.75,43.2,3.65,1.15,28.84,0.19,4,0.14,0.8,1.11,2.82,48.15
B. Delgado,Mushuc Runa,AMF,LW,RCMF,29,300000,22,1032,Ecuador,Ecuador,,0,0,29.79,2.44,0.0,0.08,0.0,0.61,28.57,0.0,36.19,1.66,1.22,23.81,0.12,0,0.17,0.17,1.05,3.4,48.72
C. Angulo,Técnico Universitario,RB,RW,,24,300000,20,1405,Ecuador,Ecuador,derecho,174,67,65.52,1.92,0.06,0.06,0.06,0.83,38.46,7.692,40.45,1.09,1.86,28.51,0.06,1,0.13,0.13,0.19,1.6,48.0
C. Zambrano,Aucas,CF,LW,AMF,21,300000,28,1154,Ecuador,Ecuador,derecho,183,74,30.0,2.5,0.16,0.15,0.0,1.4,50.0,11.111,33.03,3.12,1.25,24.49,0.17,3,0.08,0.7,0.78,2.89,45.95
J. Lugo,Vinotinto de Ecuador,CF,,,32,300000,27,1550,Ecuador,Ecuador,derecho,0,0,34.12,4.53,0.58,0.59,0.0,3.66,42.86,15.873,32.72,3.19,1.1,16.55,0.33,5,0.23,0.46,1.16,4.18,55.56
J. Charcopa,Mushuc Runa,CF,,,21,300000,17,597,Ecuador,Ecuador,derecho,178,78,24.24,2.86,0.0,0.17,0.0,2.56,35.29,0.0,25.88,1.66,1.21,6.78,0.0,0,0.15,0.0,0.0,3.92,42.31
C. Arboleda,Libertad,LW,RW,,34,300000,33,2533,Ecuador,Ecuador,izquierdo,173,64,30.95,3.48,0.14,0.1,0.0,1.49,28.57,9.524,36.99,1.28,0.43,25.72,0.22,7,0.14,0.71,0.6,2.59,52.05
D. Reasco,El Nacional,CF,,,26,300000,21,1604,Ecuador,Ecuador,derecho,172,71,30.65,1.51,0.45,0.37,0.06,2.36,42.86,19.048,28.89,2.64,0.79,12.85,0.11,2,0.0,0.28,0.67,1.23,36.36
J. Alman,Manta,CF,RAMF,LW,30,300000,17,1458,Ecuador,Ecuador,derecho,188,78,35.9,1.79,0.31,0.27,0.12,1.79,37.93,17.241,31.67,2.84,1.67,19.2,0.07,1,0.0,0.25,0.8,1.85,46.67
L. Estupiñán,Deportivo Cuenca,LWB,LW,LWF,26,300000,35,2068,Ecuador,Ecuador,derecho,170,65,40.74,3.09,0.09,0.12,0.0,1.44,30.3,6.061,41.38,2.31,2.13,26.81,0.13,3,0.17,0.44,0.7,4.09,44.68
J. Ordoñez,Deportivo Cuenca,RW,CF,RAMF,30,300000,27,1662,Ecuador,Ecuador,derecho,182,78,35.42,2.55,0.22,0.36,0.05,2.27,35.71,9.524,37.33,3.36,1.3,16.57,0.03,2,0.0,0.22,0.32,2.49,54.35
